,Rating,Price,Processor,Brand,SSD_Capacity,Ram,Ram_Type,Display_Size,EMMC_Storage(in_GB),HDD_Storage(in_GB)
0,4.1,25685.0,Intel Celeron Dual Core Processor,LENOVO,256.0,8.0,DDR4,39.62,0.0,0.0
1,4.4,51990.0,Intel Core i5 Processor (10th Gen),ASUS,512.0,8.0,DDR4,39.62,0.0,0.0
2,4.2,38990.0,Intel Core i3 Processor (11th Gen),ASUS,512.0,8.0,DDR4,39.62,0.0,0.0
3,4.1,23990.0,Intel Celeron Dual Core Processor,ASUS,256.0,4.0,DDR4,35.56,0.0,0.0
4,4.1,39990.0,Intel Core i5 Processor (11th Gen),MI,512.0,8.0,DDR4,39.62,0.0,0.0
5,4.3,33490.0,Intel Core i3 Processor (11th Gen),LENOVO,256.0,8.0,DDR4,39.62,0.0,0.0
6,4.3,40990.0,Intel Core i3 Processor (11th Gen),HP,512.0,8.0,DDR4,35.56,0.0,0.0
7,4.3,47990.0,Intel Core i5 Processor (11th Gen),ASUS,512.0,8.0,DDR4,39.62,0.0,0.0
8,4.7,84990.0,Apple M1 Processor,APPLE,256.0,8.0,DDR4,33.78,0.0,0.0
9,4.4,51990.0,AMD Ryzen 5 Hexa Core Processor,ASUS,256.0,8.0,DDR4,39.62,0.0,1024.0
10,4.3,36990.0,Intel Core i3 Processor (11th Gen),HP,512.0,8.0,DDR4,39.62,0.0,0.0
11,4.4,55990.0,AMD Ryzen 5 Hexa Core Processor,LENOVO,512.0,8.0,DDR4,39.62,0.0,0.0
12,4.5,83990.0,Intel Core i5 Processor (12th Gen),ASUS,512.0,16.0,DDR5,39.62,0.0,0.0
13,4.3,50990.0,AMD Ryzen 5 Hexa Core Processor,HP,512.0,16.0,DDR4,39.62,0.0,0.0
14,4.4,42090.0,Intel Core i3 Processor (11th Gen),ASUS,256.0,8.0,DDR4,39.62,0.0,0.0
15,4.3,53990.0,Intel Core i5 Processor (11th Gen),HP,512.0,8.0,DDR4,39.62,0.0,0.0
16,4.0,27990.0,AMD Athlon Dual Core Processor,HP,256.0,8.0,DDR4,35.56,0.0,0.0
17,4.1,40990.0,Intel Core i3 Processor (11th Gen),DELL,256.0,8.0,DDR4,39.62,0.0,1024.0
18,4.4,74500.0,AMD Ryzen 7 Octa Core Processor,ASUS,512.0,8.0,DDR4,43.94,0.0,0.0
19,4.3,52990.0,AMD Ryzen 5 Hexa Core Processor,HP,512.0,8.0,DDR4,35.56,0.0,0.0
20,4.3,36158.0,Intel Core i3 Processor (11th Gen),LENOVO,512.0,8.0,DDR4,39.62,0.0,0.0
21,4.2,38990.0,AMD Ryzen 5 Quad Core Processor,ASUS,512.0,8.0,DDR4,35.56,0.0,0.0
22,4.2,37490.0,Intel Core i3 Processor (11th Gen),HP,256.0,8.0,DDR4,35.56,0.0,0.0
23,4.2,37990.0,AMD Ryzen 3 Quad Core Processor,HP,512.0,8.0,DDR4,39.62,0.0,0.0
24,4.4,49990.0,AMD Ryzen 5 Hexa Core Processor,MSI,512.0,8.0,DDR4,39.62,0.0,0.0
25,4.5,42490.0,Intel Core i3 Processor (11th Gen),HP,512.0,8.0,DDR4,39.62,0.0,0.0
26,4.6,89990.0,Intel Core i9 Processor (12th Gen),INFINIX,1024.0,32.0,LPDDR5,39.62,0.0,0.0
27,4.6,79990.0,Intel Core i5 Processor (11th Gen),ASUS,512.0,16.0,LPDDR4X,35.56,0.0,0.0
28,4.2,58400.0,Intel Core i5 Processor (12th Gen),HP,512.0,8.0,DDR4,39.62,0.0,0.0
29,4.2,119990.0,Intel Core i7 Processor (12th Gen),ASUS,1024.0,16.0,LPDDR5,35.56,0.0,0.0
30,4.6,112990.0,Apple M2 Processor,APPLE,256.0,8.0,Unified,34.54,0.0,0.0
31,4.5,65990.0,AMD Ryzen 5 Hexa Core Processor,ASUS,1024.0,8.0,DDR4,39.62,0.0,0.0
32,4.2,56990.0,Intel Core i7 Processor (11th Gen),ASUS,512.0,16.0,DDR4,39.62,0.0,0.0
33,4.8,129990.0,Apple M2 Processor,APPLE,512.0,8.0,Unified,34.54,0.0,0.0
34,4.3,50490.0,AMD Ryzen 5 Hexa Core Processor,LENOVO,512.0,8.0,DDR4,39.62,0.0,0.0
35,4.2,56999.0,AMD Ryzen 5 Hexa Core Processor,HP,512.0,16.0,DDR4,35.56,0.0,0.0
36,4.4,55490.0,Intel Core i5 Processor (11th Gen),REALME,512.0,8.0,DDR4,35.56,0.0,0.0
37,4.2,51990.0,Intel Core i5 Processor (11th Gen),ASUS,512.0,8.0,DDR4,39.62,0.0,0.0
38,4.4,65114.0,Intel Core i5 Processor (10th Gen),LENOVO,512.0,8.0,DDR4,39.62,0.0,0.0
39,0.0,199900.0,Apple M2 Pro Processor,APPLE,512.0,16.0,Unified,35.56,0.0,0.0
40,4.3,89990.0,Intel Core i7 Processor (12th Gen),HP,1024.0,16.0,DDR4,39.62,0.0,0.0
41,0.0,170990.0,Intel Core i7 Processor (12th Gen),MSI,1024.0,16.0,DDR5,43.94,0.0,0.0
42,0.0,219990.0,Intel Core i7 Processor (13th Gen),MSI,1024.0,32.0,DDR5,43.94,0.0,0.0
43,4.3,61990.0,Intel Core i5 Processor (12th Gen),ACER,512.0,16.0,DDR4,39.62,0.0,0.0
44,0.0,129990.0,Apple M2 Processor,APPLE,256.0,16.0,Unified,34.54,0.0,0.0
45,4.2,33990.0,Intel Core i3 Processor (11th Gen),LENOVO,256.0,8.0,DDR4,35.56,0.0,0.0
46,4.3,57990.0,Intel Core i5 Processor (12th Gen),ACER,512.0,8.0,DDR4,39.62,0.0,0.0
47,4.4,63990.0,AMD Ryzen 5 Hexa Core Processor,ASUS,512.0,8.0,DDR4,43.94,0.0,0.0
48,4.0,16990.0,Intel Celeron Dual Core Processor,ASUS,0.0,4.0,LPDDR4,29.46,32.0,0.0
49,4.0,37600.0,Intel Core i3 Processor (11th Gen),HP,512.0,8.0,DDR4,39.62,0.0,0.0
50,4.0,42990.0,Intel Core i3 Processor (12th Gen),ASUS,512.0,8.0,DDR4,35.56,0.0,0.0
51,4.3,53990.0,Intel Core i5 Processor (11th Gen),LENOVO,512.0,8.0,DDR4,39.62,0.0,0.0
52,4.3,45490.0,AMD Ryzen 5 Hexa Core Processor,HP,512.0,8.0,DDR4,39.62,0.0,0.0
53,4.2,37990.0,AMD Ryzen 3 Quad Core Processor,HP,512.0,8.0,DDR4,39.62,0.0,0.0
54,4.2,47990.0,Intel Core i5 Processor (11th Gen),ASUS,512.0,8.0,DDR4,39.62,0.0,0.0
55,4.0,82990.0,Intel Core i5 Processor (12th Gen),HP,512.0,16.0,DDR4,39.62,0.0,0.0
56,0.0,129990.0,AMD Ryzen 7 Octa Core Processor,ASUS,1024.0,16.0,DDR5,39.62,0.0,0.0
57,4.4,57990.0,AMD Ryzen 7 Octa Core Processor,ASUS,512.0,16.0,DDR4,39.62,0.0,0.0
58,4.6,84990.0,Intel Core i7 Processor (12th Gen),HP,1024.0,16.0,DDR4,35.56,0.0,0.0
59,4.4,59990.0,AMD Ryzen 7 Octa Core Processor,ASUS,512.0,16.0,DDR4,39.62,0.0,0.0
60,0.0,89990.0,Intel Core i7 Processor (12th Gen),DELL,512.0,16.0,LPDDR4,33.78,0.0,0.0
61,4.7,104990.0,Intel Core i7 Processor (12th Gen),MSI,512.0,16.0,DDR4,39.62,0.0,0.0
62,4.1,53490.0,Intel Core i5 Processor (11th Gen),DELL,512.0,8.0,DDR4,39.62,0.0,0.0
63,4.0,48990.0,Intel Core i7 Processor (11th Gen),INFINIX,512.0,16.0,LPDDR4X,39.62,0.0,0.0
64,4.3,59490.0,AMD Ryzen 5 Hexa Core Processor,HP,512.0,16.0,DDR4,39.62,0.0,0.0
65,4.5,90990.0,AMD Ryzen 7 Octa Core Processor,ASUS,1024.0,16.0,DDR4,39.62,0.0,0.0
66,4.5,87990.0,AMD Ryzen 7 Octa Core Processor,ASUS,512.0,8.0,DDR4,39.62,0.0,0.0
67,5.0,134999.0,Intel Core i9 Processor (11th Gen),ACER,1024.0,16.0,DDR4,39.62,0.0,0.0
68,5.0,149990.0,Apple M2 Processor,APPLE,512.0,8.0,Unified,34.54,0.0,0.0
69,0.0,359990.0,Intel Core i9 Processor (13th Gen),ASUS,1024.0,32.0,DDR5,45.72,0.0,0.0
70,4.0,57990.0,AMD Ryzen 5 Hexa Core Processor,HP,512.0,8.0,DDR4,39.62,0.0,0.0
71,4.1,34990.0,Intel Core i3 Processor (11th Gen),ACER,512.0,8.0,DDR4,39.62,0.0,0.0
72,4.3,43890.0,AMD Ryzen 5 Hexa Core Processor,LENOVO,512.0,8.0,DDR4,39.62,0.0,0.0
73,4.2,37990.0,Intel Core i3 Processor (11th Gen),ASUS,512.0,8.0,DDR4,39.62,0.0,0.0
74,3.4,62990.0,AMD Ryzen 7 Octa Core Processor,HP,512.0,8.0,DDR4,40.89,0.0,0.0
75,2.8,53990.0,AMD Ryzen 5 Hexa Core Processor,ASUS,512.0,16.0,DDR4,43.94,0.0,0.0
76,4.5,74990.0,Intel Core i5 Processor (12th Gen),ASUS,512.0,16.0,DDR4,35.56,0.0,0.0
77,4.2,50990.0,Intel Core i5 Processor (11th Gen),LENOVO,512.0,8.0,DDR4,39.62,0.0,0.0
78,4.7,124990.0,AMD Ryzen 7 Octa Core Processor,ASUS,1024.0,16.0,DDR5,39.62,0.0,0.0
79,4.5,76990.0,Intel Core i5 Processor (12th Gen),MSI,512.0,16.0,DDR4,39.62,0.0,0.0
80,4.2,36990.0,AMD Ryzen 3 Dual Core Processor,LENOVO,512.0,8.0,DDR4,39.62,0.0,0.0
81,4.5,89690.0,AMD Ryzen 7 Octa Core Processor,ASUS,512.0,16.0,DDR4,39.62,0.0,0.0
82,4.2,47700.0,AMD Ryzen 5 Hexa Core Processor,HP,512.0,8.0,DDR4,35.56,0.0,0.0
83,4.3,41000.0,AMD Ryzen 3 Quad Core Processor,HP,512.0,8.0,DDR4,39.62,0.0,0.0
84,4.2,60990.0,Intel Core i5 Processor (12th Gen),HP,512.0,16.0,DDR4,35.56,0.0,0.0
85,0.0,304990.0,Intel Core i9 Processor (12th Gen),DELL,1024.0,32.0,LPDDR5,39.62,0.0,1024.0
86,3.9,62990.0,Intel Core i5 Processor (11th Gen),HP,512.0,16.0,DDR4,40.89,0.0,0.0
87,4.3,62990.0,AMD Ryzen 7 Octa Core Processor,HP,512.0,8.0,DDR4,40.89,0.0,0.0
88,0.0,279990.0,Intel Core i9 Processor (13th Gen),ASUS,1024.0,32.0,DDR5,45.72,0.0,0.0
89,4.0,79990.0,Intel Core i5 Processor (12th Gen),DELL,512.0,8.0,DDR5,39.62,0.0,0.0
90,4.4,68928.0,AMD Ryzen 5 Hexa Core Processor,LENOVO,512.0,16.0,DDR4,39.62,0.0,0.0
91,4.8,71990.0,Intel Core i5 Processor (12th Gen),HP,512.0,16.0,DDR4,35.56,0.0,0.0
92,0.0,129990.0,Apple M2 Processor,APPLE,256.0,16.0,Unified,34.54,0.0,0.0
93,4.0,58990.0,Intel Core i5 Processor (12th Gen),DELL,256.0,8.0,DDR4,39.62,0.0,1024.0
94,0.0,296000.0,Intel Core i9 Processor (12th Gen),HP,2048.0,32.0,DDR5,43.94,0.0,0.0
95,4.4,38990.0,Intel Core i3 Processor (11th Gen),ASUS,512.0,8.0,DDR4,39.62,0.0,0.0
96,0.0,138990.0,Intel Core i9 Processor (12th Gen),DELL,1024.0,16.0,DDR4,39.62,0.0,0.0
97,4.6,79990.0,Intel Core i5 Processor (12th Gen),HP,512.0,16.0,DDR4,35.56,0.0,0.0
98,4.3,329900.0,Apple M1 Max Processor,APPLE,1024.0,32.0,Unified,41.15,0.0,0.0
99,4.7,85990.0,Intel Core i5 Processor (12th Gen),MSI,512.0,16.0,DDR4,39.62,0.0,0.0
100,4.5,56990.0,AMD Ryzen 5 Hexa Core Processor,HP,512.0,8.0,DDR4,39.62,0.0,0.0
101,0.0,349900.0,Apple M2 Max Processor,APPLE,1024.0,32.0,Unified,40.64,0.0,0.0
102,4.4,64150.0,Intel Core i5 Processor (12th Gen),ACER,512.0,8.0,LPDDR4X,35.56,0.0,0.0
103,4.3,32489.0,Intel Core i3 Processor (11th Gen),ACER,256.0,8.0,DDR4,39.62,0.0,0.0
104,4.8,112990.0,Apple M2 Processor,APPLE,256.0,8.0,Unified,34.54,0.0,0.0
105,4.0,22900.0,AMD Dual Core Processor,ACER,256.0,4.0,DDR4,35.56,0.0,0.0
106,4.5,68990.0,Intel Core i5 Processor (12th Gen),ASUS,512.0,16.0,DDR4,39.62,0.0,0.0
107,4.3,45990.0,Intel Core i3 Processor (12th Gen),ASUS,512.0,8.0,DDR4,35.56,0.0,0.0
108,4.3,45990.0,Intel Core i3 Processor (12th Gen),ASUS,512.0,8.0,DDR4,35.56,0.0,0.0
109,4.0,42990.0,Intel Core i3 Processor (12th Gen),ASUS,512.0,8.0,DDR4,35.56,0.0,0.0
110,4.1,32000.0,Intel Pentium Silver Processor,DELL,256.0,8.0,DDR4,39.62,0.0,0.0
111,0.0,299990.0,Intel Core i9 Processor (12th Gen),MSI,2048.0,32.0,DDR5,43.94,0.0,0.0
112,0.0,149700.0,AMD Ryzen 7 Octa Core Processor,ASUS,1024.0,16.0,DDR5,40.64,0.0,0.0
113,4.2,52990.0,Intel Core i5 Processor (11th Gen),ASUS,256.0,8.0,DDR4,35.56,0.0,1024.0
114,4.7,132900.0,Apple M1 Processor,APPLE,512.0,16.0,DDR4,33.78,0.0,0.0
115,4.4,58990.0,AMD Ryzen 5 Hexa Core Processor,ASUS,512.0,16.0,DDR4,39.62,0.0,0.0
116,4.4,37880.0,AMD Ryzen 3 Quad Core Processor,DELL,256.0,8.0,DDR4,35.56,0.0,0.0
117,4.4,62990.0,AMD Ryzen 5 Hexa Core Processor,LENOVO,512.0,8.0,DDR4,39.62,0.0,0.0
118,0.0,359990.0,Intel Core i9 Processor (13th Gen),MSI,2048.0,32.0,DDR5,43.18,0.0,0.0
119,4.3,32990.0,Intel Core i3 Processor (10th Gen),ASUS,256.0,8.0,DDR4,39.62,0.0,0.0
120,4.7,77990.0,Intel Core i5 Processor (12th Gen),DELL,512.0,8.0,DDR4,35.56,0.0,0.0
121,4.4,60500.0,AMD Ryzen 5 Hexa Core Processor,HP,512.0,8.0,DDR4,39.62,0.0,0.0
122,0.0,89952.0,Intel Core i9 Processor (11th Gen),ASUS,512.0,16.0,DDR4,39.62,0.0,0.0
123,4.7,84990.0,Apple M1 Processor,APPLE,256.0,8.0,DDR4,33.78,0.0,0.0
124,0.0,171990.0,AMD Ryzen 7 Octa Core Processor,ASUS,1024.0,16.0,DDR5,40.64,0.0,0.0
125,0.0,83699.0,Intel Core i7 Processor (12th Gen),HP,512.0,8.0,DDR4,39.62,0.0,0.0
126,4.5,81990.0,Intel Core i5 Processor (12th Gen),ASUS,512.0,8.0,DDR5,39.62,0.0,0.0
127,4.2,40300.0,AMD Ryzen 5 Quad Core Processor,LENOVO,512.0,8.0,DDR4,39.62,0.0,0.0
128,4.3,40200.0,Intel Core i3 Processor (11th Gen),ASUS,256.0,8.0,DDR4,39.62,0.0,1024.0
129,0.0,304990.0,Intel Core i9 Processor (12th Gen),ASUS,2048.0,32.0,DDR5,40.64,0.0,0.0
130,4.0,54990.0,AMD Ryzen 5 Hexa Core Processor,LENOVO,256.0,8.0,DDR4,39.62,0.0,1024.0
131,4.4,46990.0,Intel Core i3 Processor (11th Gen),REALME,256.0,8.0,DDR4,35.56,0.0,0.0
132,0.0,74490.0,AMD Ryzen 7 Octa Core Processor,HP,512.0,8.0,DDR4,40.89,0.0,0.0
133,4.4,63990.0,AMD Ryzen 7 Octa Core Processor,ASUS,512.0,16.0,DDR4,39.62,0.0,0.0
134,4.3,40990.0,Intel Core i3 Processor (11th Gen),ASUS,512.0,8.0,DDR4,35.56,0.0,0.0
135,0.0,99990.0,Intel Core i7 Processor (13th Gen),MSI,512.0,16.0,DDR5,43.94,0.0,0.0
136,0.0,137799.0,Intel Core i7 Processor (12th Gen),HP,1024.0,16.0,DDR5,40.89,0.0,0.0
137,4.0,82990.0,Intel Core i5 Processor (12th Gen),ACER,512.0,16.0,DDR4,39.62,0.0,0.0
138,4.5,159990.0,Intel Core i9 Processor (12th Gen),ASUS,1024.0,32.0,LPDDR5,35.56,0.0,0.0
139,0.0,45990.0,Intel Core i5 Processor (11th Gen),MSI,512.0,8.0,DDR4,35.56,0.0,0.0
140,5.0,146990.0,AMD Ryzen 7 Octa Core Processor,ASUS,1024.0,16.0,DDR4,39.62,0.0,0.0
141,4.8,39990.0,AMD Ryzen 3 Quad Core Processor,HP,512.0,8.0,DDR4,39.62,0.0,0.0
142,0.0,275990.0,Intel Core i7 Processor (12th Gen),MSI,1024.0,32.0,DDR5,39.62,0.0,0.0
143,4.1,73000.0,Intel Core i5 Processor (12th Gen),HP,512.0,8.0,DDR4,39.62,0.0,0.0
144,4.8,93990.0,Intel Core i7 Processor (12th Gen),HP,1024.0,16.0,DDR4,35.56,0.0,0.0
145,4.2,53990.0,Intel Core i5 Processor (12th Gen),LENOVO,512.0,8.0,DDR4,39.62,0.0,0.0
146,0.0,78990.0,AMD Ryzen 7 Octa Core Processor,HP,1024.0,16.0,LPDDR5,33.78,0.0,0.0
147,0.0,144990.0,Intel Core i7 Processor (13th Gen),MSI,1024.0,16.0,LPDDR5,35.56,0.0,0.0
148,4.3,69990.0,Intel Core i5 Processor (11th Gen),LENOVO,512.0,16.0,LPDDR4X,35.56,0.0,0.0
149,3.8,22490.0,MediaTek MediaTek Kompanio 500 Processor,HP,0.0,4.0,LPDDR4X,29.46,64.0,0.0
150,4.2,16990.0,Intel Celeron Dual Core Processor,ASUS,0.0,4.0,DDR4,29.46,64.0,0.0
151,4.0,25940.0,Intel Celeron Dual Core Processor,LENOVO,256.0,4.0,DDR4,35.56,0.0,0.0
152,0.0,29990.0,Intel Core i3 Processor (10th Gen),INFINIX,256.0,8.0,LPDDR4X,39.62,0.0,0.0
153,4.5,95990.0,Intel Core i7 Processor (11th Gen),ACER,512.0,16.0,DDR4,39.62,0.0,1024.0
154,4.3,79990.0,Intel Core i7 Processor (11th Gen),MSI,512.0,16.0,DDR4,39.62,0.0,0.0
155,4.5,40499.0,Intel Core i3 Processor (11th Gen),HP,256.0,8.0,DDR4,39.62,0.0,0.0
156,0.0,49990.0,Intel Core i3 Processor (13th Gen),MSI,512.0,8.0,DDR4,35.56,0.0,0.0
157,0.0,38990.0,Intel Core i3 Processor (11th Gen),ASUS,512.0,8.0,DDR4,39.62,0.0,0.0
158,3.4,69490.0,AMD Ryzen 5 Hexa Core Processor,DELL,512.0,8.0,DDR5,38.0,0.0,0.0
159,0.0,75990.0,Intel Core i7 Processor (13th Gen),MSI,512.0,16.0,DDR4,35.56,0.0,0.0
160,0.0,239990.0,Apple M2 Pro Processor,APPLE,512.0,16.0,Unified,40.64,0.0,0.0
161,0.0,58490.0,Intel Core i3 Processor (12th Gen),HP,512.0,8.0,DDR4,35.56,0.0,0.0
162,4.4,62990.0,Intel Core i5 Processor (12th Gen),HP,512.0,8.0,DDR4,35.56,0.0,0.0
163,4.2,35990.0,AMD Ryzen 3 Dual Core Processor,DELL,256.0,8.0,DDR4,38.0,0.0,0.0
164,4.5,46890.0,AMD Ryzen 5 Hexa Core Processor,LENOVO,512.0,8.0,DDR4,39.62,0.0,0.0
165,4.2,63990.0,AMD Ryzen 5 Hexa Core Processor,HP,512.0,16.0,DDR4,35.56,0.0,0.0
166,0.0,191990.0,AMD Ryzen 9 Octa Core Processor,ASUS,1024.0,32.0,DDR5,35.56,0.0,0.0
167,3.9,114990.0,Intel Core i7 Processor (12th Gen),ASUS,1024.0,16.0,DDR5,43.94,0.0,0.0
168,0.0,129990.0,Intel Core i7 Processor (13th Gen),MSI,1024.0,16.0,LPDDR5,40.64,0.0,0.0
169,0.0,92990.0,Intel Core i5 Processor (12th Gen),ASUS,512.0,16.0,LPDDR5,35.56,0.0,0.0
170,0.0,68990.0,AMD Ryzen 5 Hexa Core Processor,HP,512.0,16.0,LPDDR5,33.78,0.0,0.0
171,4.4,87099.0,AMD Ryzen 7 Octa Core Processor,DELL,512.0,16.0,DDR4,39.62,0.0,0.0
172,4.3,68990.0,Intel Core i5 Processor (11th Gen),LENOVO,512.0,16.0,DDR4,39.62,0.0,0.0
173,3.9,30300.0,Intel Pentium Quad Core Processor,HP,256.0,8.0,DDR4,35.56,0.0,0.0
174,0.0,79990.0,Intel Core i5 Processor (13th Gen),SAMSUNG,512.0,16.0,LPDDR4X,39.62,0.0,0.0
175,4.4,52990.0,AMD Ryzen 5 Hexa Core Processor,ACER,512.0,8.0,GDDR6,39.62,0.0,0.0
176,0.0,224990.0,AMD Ryzen 7 Octa Core Processor,ASUS,2048.0,32.0,DDR5,40.64,0.0,0.0
177,4.4,44990.0,Intel Core i3 Processor (11th Gen),ASUS,256.0,8.0,LPDDR4X,35.56,0.0,0.0
178,4.1,63890.0,Intel Core i5 Processor (12th Gen),DELL,512.0,8.0,DDR4,39.62,0.0,0.0
179,0.0,129990.0,Intel Core i7 Processor (13th Gen),MSI,1024.0,16.0,DDR5,43.94,0.0,0.0
180,0.0,159990.0,Intel Core i9 Processor (12th Gen),ASUS,1024.0,32.0,LPDDR5,36.83,0.0,0.0
181,0.0,269900.0,Apple M2 Pro Processor,APPLE,1024.0,16.0,Unified,40.64,0.0,0.0
182,0.0,88990.0,AMD Ryzen 7 Octa Core Processor,DELL,512.0,16.0,DDR4,35.56,0.0,0.0
183,0.0,115990.0,AMD Ryzen 7 Octa Core Processor,ASUS,1024.0,16.0,DDR4,39.62,0.0,0.0
184,0.0,102990.0,Intel Core i7 Processor (12th Gen),MSI,512.0,16.0,DDR4,39.62,0.0,0.0
185,0.0,211990.0,AMD Ryzen 9 Octa Core Processor,ASUS,1024.0,16.0,DDR5,39.62,0.0,0.0
186,4.7,67490.0,AMD Ryzen 5 Hexa Core Processor,HP,512.0,8.0,DDR4,39.62,0.0,0.0
187,3.6,93899.0,Intel Core i7 Processor (12th Gen),HP,512.0,16.0,DDR4,39.62,0.0,0.0
188,4.1,21990.0,Intel Celeron Quad Core Processor,INFINIX,128.0,4.0,LPDDR4X,35.56,0.0,0.0
189,4.2,60990.0,AMD Ryzen 7 Octa Core Processor,HP,512.0,16.0,DDR4,35.56,0.0,0.0
190,4.5,90490.0,Intel Core i5 Processor (12th Gen),HP,512.0,16.0,DDR4,39.62,0.0,0.0
191,0.0,179990.0,Intel Core i7 Processor (13th Gen),MSI,1024.0,16.0,LPDDR5,40.64,0.0,0.0
192,0.0,151990.0,AMD Ryzen 7 Hexa Core Processor,DELL,512.0,16.0,DDR5,39.62,0.0,512.0
193,4.5,37990.0,Intel Core i3 Processor (11th Gen),MSI,512.0,8.0,DDR4,35.56,0.0,0.0
194,0.0,365387.0,Intel Core i9 Processor (13th Gen),ASUS,2048.0,32.0,DDR5,40.64,0.0,0.0
195,4.8,259900.0,Apple M1 Pro Processor,APPLE,1024.0,16.0,Unified,41.15,0.0,0.0
196,0.0,279990.0,Intel Core i9 Processor (13th Gen),ASUS,1024.0,32.0,DDR5,40.64,0.0,0.0
197,5.0,56749.0,Intel Core i3 Processor (12th Gen),DELL,256.0,8.0,DDR4,35.56,0.0,0.0
198,0.0,170399.0,Intel Core i7 Processor (12th Gen),HP,1024.0,16.0,DDR5,40.89,0.0,0.0
199,0.0,97990.0,Intel Core i7 Processor (12th Gen),ASUS,1024.0,16.0,DDR5,39.62,0.0,0.0
200,4.5,54990.0,AMD Ryzen 5 Hexa Core Processor,ASUS,512.0,16.0,DDR4,40.64,0.0,0.0
201,4.5,40990.0,AMD Ryzen 3 Quad Core Processor,DELL,512.0,8.0,DDR4,39.62,0.0,0.0
202,4.1,40690.0,Intel Core i3 Processor (10th Gen),DELL,512.0,8.0,DDR4,39.62,0.0,0.0
203,4.8,74490.0,AMD Ryzen 5 Hexa Core Processor,HP,512.0,8.0,DDR4,40.89,0.0,0.0
204,3.9,31990.0,Intel Core i3 Processor (10th Gen),LENOVO,256.0,4.0,DDR4,35.56,0.0,0.0
205,0.0,210990.0,AMD Ryzen 9 Octa Core Processor,ASUS,1024.0,16.0,DDR5,43.94,0.0,0.0
206,4.5,56990.0,Intel Core i5 Processor (12th Gen),ASUS,512.0,8.0,DDR4,35.56,0.0,0.0
207,0.0,177990.0,AMD Ryzen 9 Octa Core Processor,ASUS,1024.0,16.0,DDR4,39.62,0.0,0.0
208,5.0,103990.0,Intel Core i7 Processor (12th Gen),HP,512.0,16.0,LPDDR4X,33.78,0.0,0.0
209,0.0,149990.0,Intel Core i7 Processor (12th Gen),GIGABYTE,1024.0,16.0,DDR4,39.62,0.0,0.0
210,4.2,59890.0,Intel Core i5 Processor (11th Gen),DELL,512.0,16.0,DDR4,39.62,0.0,0.0
211,4.3,39790.0,AMD Ryzen 3 Quad Core Processor,HP,512.0,8.0,DDR4,35.56,0.0,0.0
212,4.3,45490.0,Intel Core i3 Processor (12th Gen),DELL,512.0,8.0,DDR4,39.62,0.0,0.0
213,0.0,146990.0,AMD Ryzen 9 Octa Core Processor,DELL,1024.0,16.0,DDR5,38.0,0.0,0.0
214,4.4,55990.0,Intel Core i5 Processor (11th Gen),ASUS,512.0,16.0,DDR4,35.56,0.0,0.0
215,4.5,98990.0,AMD Ryzen 7 Octa Core Processor,MSI,1024.0,16.0,DDR4,39.62,0.0,0.0
216,3.7,16990.0,Intel Celeron Dual Core Processor,ASUS,0.0,4.0,LPDDR4,39.62,64.0,0.0
217,4.3,35490.0,Intel Core i3 Processor (10th Gen),ASUS,512.0,8.0,DDR4,39.62,0.0,0.0
218,4.2,56490.0,Intel Core i7 Processor (10th Gen),MI,512.0,8.0,DDR4,35.56,0.0,0.0
219,0.0,54990.0,Intel Core i5 Processor (11th Gen),ACER,512.0,16.0,DDR4,39.62,0.0,0.0
220,3.8,67990.0,Intel Core i7 Processor (12th Gen),MSI,512.0,16.0,DDR4,39.62,0.0,0.0
221,0.0,139000.0,Apple M2 Processor,APPLE,512.0,8.0,Unified,34.54,0.0,0.0
222,5.0,156490.0,Intel Core i7 Processor (12th Gen),ACER,1024.0,16.0,DDR5,39.62,0.0,0.0
223,4.4,62990.0,Intel Core i5 Processor (10th Gen),ASUS,512.0,8.0,DDR4,39.62,0.0,0.0
224,0.0,146990.0,AMD Ryzen 7 Octa Core Processor,ASUS,1024.0,16.0,DDR5,35.56,0.0,0.0
225,4.0,71990.0,Intel Core i5 Processor (12th Gen),HP,512.0,16.0,DDR4,39.62,0.0,0.0
226,0.0,40248.0,AMD Ryzen 3 Quad Core Processor,ASUS,512.0,8.0,LPDDR5,35.56,0.0,0.0
227,2.3,74990.0,Intel Core i5 Processor (11th Gen),ASUS,512.0,8.0,LPDDR4X,35.56,0.0,0.0
228,0.0,361990.0,AMD Ryzen 9 Octa Core Processor,ASUS,2048.0,32.0,DDR5,40.64,0.0,0.0
229,0.0,181990.0,Intel Core i9 Processor (12th Gen),ASUS,1024.0,16.0,LPDDR5,34.04,0.0,0.0
230,4.5,74990.0,AMD Ryzen 7 Octa Core Processor,MSI,512.0,8.0,DDR4,39.62,0.0,0.0
231,4.8,259900.0,Apple M1 Pro Processor,APPLE,1024.0,16.0,Unified,41.15,0.0,0.0
232,4.0,27990.0,Intel Pentium Silver Processor,ASUS,256.0,8.0,DDR4,35.56,0.0,0.0
233,5.0,174990.0,AMD Ryzen 9 Octa Core Processor,ASUS,1024.0,16.0,DDR5,39.62,0.0,0.0
234,0.0,74990.0,Intel Core i7 Processor (13th Gen),MSI,512.0,8.0,DDR4,39.62,0.0,0.0
235,4.8,239900.0,Apple M1 Pro Processor,APPLE,512.0,16.0,Unified,41.15,0.0,0.0
236,0.0,168990.0,Intel Core i7 Processor (12th Gen),DELL,512.0,16.0,DDR5,39.62,0.0,0.0
237,4.7,112900.0,Apple M1 Processor,APPLE,256.0,16.0,DDR4,33.78,0.0,0.0
238,4.4,64990.0,Intel Core i5 Processor (11th Gen),ASUS,512.0,8.0,LPDDR4X,33.78,0.0,0.0
239,0.0,359990.0,Intel Core i9 Processor (12th Gen),ASUS,2048.0,32.0,DDR5,43.94,0.0,0.0
240,4.2,31990.0,Intel Core i3 Processor (11th Gen),INFINIX,256.0,8.0,LPDDR4X,39.62,0.0,0.0
241,4.7,144990.0,AMD Ryzen 7 Octa Core Processor,LENOVO,1024.0,16.0,DDR4,40.64,0.0,0.0
242,4.3,33990.0,Intel Core i3 Processor (10th Gen),LENOVO,256.0,8.0,DDR4,35.56,0.0,0.0
243,0.0,68990.0,Intel Core i5 Processor (12th Gen),HP,512.0,16.0,DDR4,39.62,0.0,0.0
244,0.0,139490.0,Intel Core i7 Processor (12th Gen),LENOVO,512.0,16.0,DDR5,39.62,0.0,0.0
245,0.0,74990.0,Intel Core i5 Processor (11th Gen),ASUS,512.0,8.0,LPDDR4X,35.56,0.0,0.0
246,0.0,114650.0,Intel Core i5 Processor (12th Gen),ASUS,512.0,16.0,DDR5,34.04,0.0,0.0
247,4.8,91990.0,AMD Ryzen 5 Hexa Core Processor,ASUS,512.0,16.0,LPDDR4X,35.56,0.0,0.0
248,4.2,69990.0,Intel Core i5 Processor (11th Gen),DELL,512.0,16.0,DDR4,38.86,0.0,0.0
249,4.9,188490.0,Intel Core i7 Processor (10th Gen),DELL,512.0,16.0,GDDR6,39.62,0.0,0.0
250,5.0,129990.0,AMD Ryzen 7 Octa Core Processor,ASUS,1024.0,16.0,DDR5,39.62,0.0,0.0
251,4.7,104990.0,AMD Ryzen 7 Octa Core Processor,LENOVO,512.0,16.0,DDR4,39.62,0.0,0.0
252,3.7,61390.0,Intel Core i3 Processor (12th Gen),DELL,512.0,8.0,DDR4,39.62,0.0,0.0
253,0.0,179990.0,AMD Ryzen 7 Octa Core Processor,LENOVO,1024.0,32.0,DDR4,40.64,0.0,0.0
254,4.2,79990.0,Intel Core i5 Processor (12th Gen),ASUS,512.0,16.0,DDR4,35.56,0.0,0.0
255,0.0,137900.0,Apple M2 Processor,APPLE,256.0,16.0,Unified,34.54,0.0,0.0
256,0.0,68990.0,Intel Core i5 Processor (12th Gen),HP,512.0,8.0,DDR4,35.56,0.0,0.0
257,0.0,219990.0,Intel Core i9 Processor (12th Gen),ASUS,1024.0,16.0,DDR5,40.64,0.0,0.0
258,0.0,134990.0,Intel Core i7 Processor (12th Gen),ASUS,1024.0,16.0,LPDDR5,36.83,0.0,0.0
259,0.0,89990.0,Intel Core i7 Processor (13th Gen),SAMSUNG,512.0,16.0,LPDDR4X,39.62,0.0,0.0
260,4.4,44990.0,Intel Core i3 Processor (11th Gen),ASUS,256.0,8.0,LPDDR4X,35.56,0.0,0.0
261,3.8,66998.0,AMD Ryzen 7 Octa Core Processor,LENOVO,512.0,16.0,DDR4,39.62,0.0,0.0
262,0.0,174990.0,AMD Ryzen 9 Octa Core Processor,ASUS,1024.0,16.0,DDR4,39.62,0.0,0.0
263,4.5,45990.0,Intel Core i3 Processor (11th Gen),ASUS,512.0,8.0,DDR4,39.62,0.0,0.0
264,4.7,129990.0,AMD Ryzen 9 Octa Core Processor,MSI,1024.0,16.0,DDR4,39.62,0.0,0.0
265,4.4,99990.0,AMD Ryzen 7 Octa Core Processor,ASUS,512.0,16.0,DDR5,39.62,0.0,0.0
266,4.3,62990.0,Intel Core i5 Processor (12th Gen),HP,512.0,8.0,DDR4,39.62,0.0,0.0
267,0.0,148590.0,Intel Core i7 Processor (12th Gen),ASUS,512.0,16.0,LPDDR5,34.04,0.0,0.0
268,4.4,53990.0,Intel Core i5 Processor (10th Gen),MSI,256.0,8.0,DDR4,39.62,0.0,1024.0
269,4.4,80990.0,Intel Core i7 Processor (12th Gen),MSI,512.0,8.0,DDR4,39.62,0.0,0.0
270,5.0,168000.0,Intel Core i7 Processor (12th Gen),ASUS,1024.0,16.0,DDR5,40.64,0.0,0.0
271,4.0,34490.0,Intel Core i3 Processor (11th Gen),ASUS,256.0,4.0,DDR4,35.56,0.0,0.0
272,4.8,82990.0,AMD Ryzen 7 Octa Core Processor,ASUS,512.0,8.0,DDR4,39.62,0.0,0.0
273,4.5,56990.0,Intel Core i5 Processor (12th Gen),ASUS,512.0,8.0,DDR4,35.56,0.0,0.0
274,0.0,83990.0,Intel Core i5 Processor (12th Gen),LENOVO,512.0,16.0,DDR4,39.62,0.0,0.0
275,0.0,193990.0,Intel Core i7 Processor (12th Gen),GIGABYTE,1024.0,16.0,DDR4,39.62,0.0,0.0
276,3.5,42990.0,Intel Core i3 Processor (11th Gen),DELL,512.0,8.0,DDR4,38.0,0.0,0.0
277,0.0,281990.0,Intel Core i9 Processor (12th Gen),ASUS,1024.0,32.0,DDR5,39.62,0.0,0.0
278,4.5,74890.0,AMD Ryzen 5 Hexa Core Processor,DELL,512.0,16.0,GDDR6,39.62,0.0,0.0
279,4.3,36541.0,Intel Core i3 Processor (11th Gen),LENOVO,512.0,8.0,DDR4,39.62,0.0,0.0
280,0.0,139000.0,Apple M2 Processor,APPLE,256.0,16.0,Unified,34.54,0.0,0.0
281,3.0,137990.0,Intel Core i7 Processor (7th Gen),ASUS,1024.0,8.0,GDDR5,39.62,0.0,0.0
282,0.0,50990.0,AMD Ryzen 5 Hexa Core Processor,MSI,512.0,16.0,DDR4,35.56,0.0,0.0
283,4.2,42990.0,Intel Core i3 Processor (12th Gen),ACER,512.0,8.0,DDR4,39.62,0.0,0.0
284,4.2,29990.0,Intel Core i3 Processor (10th Gen),INFINIX,256.0,8.0,LPDDR4X,39.62,0.0,0.0
285,4.6,129990.0,Intel Core i7 Processor (11th Gen),MSI,1024.0,16.0,DDR4,39.62,0.0,0.0
286,0.0,123990.0,Intel Core i7 Processor (12th Gen),DELL,512.0,16.0,DDR5,38.0,0.0,0.0
287,0.0,166499.0,Intel Core i7 Processor (11th Gen),HP,1024.0,16.0,DDR4,40.89,0.0,0.0
288,0.0,97990.0,AMD Ryzen 7 Octa Core Processor,LENOVO,512.0,16.0,DDR4,39.62,0.0,0.0
289,0.0,171990.0,AMD Ryzen 9 Octa Core Processor,ASUS,1024.0,32.0,LPDDR5,34.04,0.0,0.0
290,0.0,99290.0,Intel Core i5 Processor (12th Gen),LENOVO,512.0,16.0,LPDDR4X,35.56,0.0,0.0
291,4.7,241990.0,Intel Core i9 Processor (12th Gen),ASUS,1024.0,32.0,DDR5,40.64,0.0,0.0
292,0.0,160990.0,AMD Ryzen 7 Quad Core Processor,ASUS,1024.0,16.0,DDR4,35.56,0.0,1024.0
293,0.0,162990.0,AMD Ryzen 7 Octa Core Processor,ASUS,1024.0,16.0,DDR5,39.62,0.0,0.0
294,0.0,157990.0,AMD Ryzen 7 Octa Core Processor,ASUS,1024.0,16.0,DDR5,39.62,0.0,0.0
295,0.0,71590.0,AMD Ryzen 7 Octa Core Processor,DELL,512.0,16.0,DDR4,40.64,0.0,0.0
296,0.0,116899.0,Intel Core i7 Processor (12th Gen),HP,1024.0,16.0,DDR5,40.89,0.0,0.0
297,4.2,38990.0,Intel Core i3 Processor (11th Gen),DELL,256.0,8.0,DDR4,38.0,0.0,0.0
298,0.0,47990.0,AMD Ryzen 5 Hexa Core Processor,MSI,512.0,8.0,DDR4,35.56,0.0,0.0
299,4.5,50990.0,Intel Core i3 Processor (12th Gen),ASUS,512.0,8.0,DDR4,39.62,0.0,0.0
300,0.0,55990.0,AMD Ryzen 5 Hexa Core Processor,DELL,512.0,8.0,DDR4,35.56,0.0,0.0
301,0.0,280490.0,Intel Core i7 Processor (12th Gen),DELL,1024.0,32.0,DDR5,39.62,0.0,0.0
302,0.0,70990.0,AMD Ryzen 7 Octa Core Processor,ASUS,512.0,16.0,DDR4,40.64,0.0,0.0
303,4.1,38990.0,Intel Core i5 Processor (10th Gen),INFINIX,512.0,16.0,LPDDR4X,35.56,0.0,0.0
304,5.0,197990.0,Intel Core i9 Processor (8th Gen),ASUS,1024.0,16.0,DDR4,39.62,0.0,0.0
305,0.0,139000.0,Apple M2 Processor,APPLE,512.0,8.0,Unified,34.54,0.0,0.0
306,4.2,43990.0,Intel Core i3 Processor (12th Gen),DELL,512.0,8.0,DDR4,39.62,0.0,0.0
307,0.0,329990.0,Intel Core i7 Processor (12th Gen),ASUS,1024.0,16.0,LPDDR5,43.94,0.0,0.0
308,4.1,49990.0,Intel Core i3 Processor (11th Gen),ASUS,512.0,8.0,LPDDR4X,35.56,0.0,0.0
309,0.0,139990.0,Intel Core i7 Processor (12th Gen),ASUS,1024.0,16.0,LPDDR5,36.83,0.0,0.0
310,4.3,62490.0,Intel Core i5 Processor (11th Gen),DELL,512.0,8.0,DDR4,39.62,0.0,0.0
311,4.8,269990.0,Intel Core i9 Processor (10th Gen),ASUS,1024.0,32.0,DDR4,39.62,0.0,0.0
312,0.0,77990.0,Intel Core i7 Processor (13th Gen),MSI,512.0,16.0,DDR4,39.62,0.0,0.0
313,0.0,62990.0,Intel Core i5 Processor (13th Gen),MSI,512.0,8.0,DDR4,35.56,0.0,0.0
314,0.0,391990.0,AMD Ryzen 9 Octa Core Processor,ASUS,2048.0,32.0,DDR5,40.64,0.0,0.0
315,4.6,109990.0,Intel Core i7 Processor (12th Gen),HP,1024.0,16.0,DDR4,39.62,0.0,0.0
316,4.4,89990.0,Intel Core i5 Processor (12th Gen),ASUS,512.0,16.0,LPDDR5,39.62,0.0,0.0
317,4.1,54490.0,AMD Ryzen 5 Hexa Core Processor,DELL,512.0,8.0,DDR4,39.62,0.0,0.0
318,0.0,119990.0,Intel Core i7 Processor (12th Gen),LENOVO,512.0,16.0,LPDDR5,35.56,0.0,0.0
319,4.8,174490.0,Intel Core i7 Processor (8th Gen),MSI,512.0,16.0,GDDR6,39.62,0.0,0.0
320,0.0,301818.0,Intel Core i9 Processor (13th Gen),ASUS,1024.0,32.0,DDR5,40.64,0.0,0.0
321,4.3,119990.0,Intel Core i9 Processor (12th Gen),MSI,1024.0,16.0,DDR4,39.62,0.0,0.0
322,0.0,104990.0,AMD Ryzen 7 Octa Core Processor,ASUS,1024.0,16.0,LPDDR4X,35.56,0.0,0.0
323,4.8,239900.0,Apple M1 Pro Processor,APPLE,1024.0,16.0,Unified,36.07,0.0,0.0
324,5.0,55990.0,AMD Ryzen 7 Octa Core Processor,ACER,512.0,8.0,DDR4,39.62,0.0,0.0
325,0.0,78061.0,AMD Ryzen 5 Hexa Core Processor,DELL,512.0,8.0,DDR4,35.56,0.0,0.0
326,4.5,71990.0,Intel Core i7 Processor (10th Gen),LENOVO,512.0,8.0,DDR4,39.62,0.0,0.0
327,0.0,56200.0,AMD Ryzen 5 Hexa Core Processor,LENOVO,512.0,8.0,DDR4,39.62,0.0,0.0
328,4.1,42907.0,Intel Core i3 Processor (11th Gen),DELL,256.0,8.0,DDR4,35.56,0.0,0.0
329,0.0,69990.0,Intel Core i5 Processor (12th Gen),HP,512.0,8.0,DDR4,35.56,0.0,0.0
330,4.5,60990.0,Intel Core i5 Processor (10th Gen),ASUS,512.0,8.0,DDR4,39.62,0.0,0.0
331,0.0,191990.0,AMD Ryzen 9 Octa Core Processor,ASUS,1024.0,32.0,DDR5,35.56,0.0,0.0
332,0.0,149990.0,Intel Core i7 Processor (12th Gen),LENOVO,1024.0,8.0,DDR5,40.64,0.0,0.0
333,5.0,281990.0,Intel Core i9 Processor (12th Gen),ASUS,1024.0,32.0,DDR5,39.62,0.0,0.0
334,0.0,211990.0,AMD Ryzen 9 Octa Core Processor,ASUS,1024.0,16.0,DDR5,39.62,0.0,0.0
335,0.0,249990.0,Intel Core i9 Processor (12th Gen),ASUS,1024.0,32.0,DDR5,40.64,0.0,0.0
336,3.0,38490.0,Intel Core i3 Processor (11th Gen),LENOVO,256.0,8.0,DDR4,39.62,0.0,1024.0
337,0.0,57359.0,Intel Core i5 Processor (12th Gen),ASUS,512.0,8.0,DDR4,39.62,0.0,0.0
338,3.9,41890.0,AMD Ryzen 3 Quad Core Processor,DELL,512.0,8.0,DDR4,39.62,0.0,0.0
339,4.4,56090.0,Intel Core i5 Processor (10th Gen),ASUS,512.0,8.0,DDR4,39.62,0.0,0.0
340,0.0,106199.0,AMD Ryzen 7 Octa Core Processor,HP,512.0,16.0,DDR5,40.89,0.0,0.0
341,4.4,104990.0,AMD Ryzen 9 Octa Core Processor,ASUS,512.0,16.0,DDR4,39.62,0.0,0.0
342,4.4,56990.0,AMD Ryzen 5 Quad Core Processor,HP,512.0,8.0,DDR4,39.62,0.0,0.0
343,4.2,33639.0,Intel Core i3 Processor (11th Gen),LENOVO,256.0,8.0,DDR4,39.62,0.0,0.0
344,0.0,94990.0,AMD Ryzen 5 Hexa Core Processor,ASUS,1024.0,16.0,LPDDR4X,35.56,0.0,0.0
345,0.0,157990.0,AMD Ryzen 7 Octa Core Processor,ASUS,1024.0,16.0,DDR5,39.62,0.0,0.0
346,0.0,57990.0,Intel Core i5 Processor (12th Gen),ACER,512.0,8.0,DDR4,39.62,0.0,0.0
347,3.7,129490.0,Intel Core i7 Processor (12th Gen),MSI,1024.0,16.0,DDR4,39.62,0.0,0.0
348,0.0,58590.0,Intel Core i5 Processor (12th Gen),DELL,512.0,8.0,DDR4,39.62,0.0,0.0
349,5.0,44990.0,AMD Ryzen 5 Quad Core Processor,ACER,512.0,8.0,LPDDR5,39.62,0.0,0.0
350,4.4,89890.0,AMD Ryzen 7 Octa Core Processor,DELL,512.0,16.0,GDDR6,39.62,0.0,0.0
351,0.0,98990.0,AMD Ryzen 7 Octa Core Processor,LENOVO,512.0,16.0,DDR4,35.56,0.0,0.0
352,0.0,44990.0,AMD Ryzen 5 Quad Core Processor,ACER,512.0,8.0,LPDDR5,39.62,0.0,0.0
353,0.0,80490.0,AMD Ryzen 5 Hexa Core Processor,HP,512.0,8.0,DDR5,40.89,0.0,0.0
354,0.0,59990.0,AMD Ryzen 5 Quad Core Processor,ASUS,512.0,8.0,LPDDR5,39.62,0.0,0.0
355,4.0,118990.0,Intel Core i7 Processor (12th Gen),LENOVO,512.0,16.0,DDR4,40.64,0.0,0.0
356,0.0,39990.0,AMD Ryzen 3 Quad Core Processor,ASUS,512.0,8.0,LPDDR5,39.62,0.0,0.0
357,4.8,219894.0,Apple M1 Pro Processor,APPLE,1024.0,16.0,Unified,36.07,0.0,0.0
358,4.7,66990.0,AMD Ryzen 5 Hexa Core Processor,DELL,512.0,8.0,DDR4,38.0,0.0,0.0
359,4.5,102490.0,Intel Core i7 Processor (12th Gen),DELL,512.0,16.0,DDR4,35.56,0.0,0.0
360,4.8,85990.0,Intel Core i5 Processor (11th Gen),ASUS,1024.0,8.0,DDR4,39.62,0.0,0.0
361,0.0,154990.0,Intel Core i5 Processor (12th Gen),DELL,512.0,16.0,DDR4,35.56,0.0,0.0
362,4.6,112990.0,Apple M1 Processor,APPLE,512.0,8.0,DDR4,33.78,0.0,0.0
363,4.7,84990.0,Apple M1 Processor,APPLE,256.0,8.0,DDR4,33.78,0.0,0.0
364,3.9,62490.0,AMD Ryzen 7 Octa Core Processor,DELL,512.0,8.0,DDR4,39.62,0.0,0.0
365,4.7,119900.0,Apple M2 Processor,APPLE,256.0,8.0,Unified,34.54,0.0,0.0
366,0.0,158990.0,AMD Ryzen 7 Octa Core Processor,DELL,1024.0,16.0,DDR5,39.62,0.0,0.0
367,3.6,133499.0,AMD Ryzen 9 Octa Core Processor,HP,1024.0,16.0,DDR4,40.89,0.0,0.0
368,4.5,35990.0,Intel Core i3 Processor (11th Gen),LENOVO,256.0,8.0,DDR4,39.62,0.0,0.0
370,0.0,122560.0,AMD Ryzen 7 Octa Core Processor,HP,512.0,16.0,DDR5,41.15,0.0,0.0
371,4.5,113990.0,Intel Core i7 Processor (11th Gen),MSI,1024.0,16.0,GDDR6,39.62,0.0,0.0
372,0.0,199990.0,Intel Core i7 Processor (12th Gen),ASUS,1024.0,16.0,DDR5,40.64,0.0,0.0
373,0.0,65990.0,Intel Core i5 Processor (13th Gen),MSI,512.0,16.0,DDR4,35.56,0.0,0.0
374,3.9,42690.0,AMD Ryzen 5 Quad Core Processor,DELL,256.0,8.0,DDR4,39.62,0.0,0.0
375,0.0,239990.0,Intel Core i7 Processor (12th Gen),ASUS,1024.0,32.0,DDR5,40.64,0.0,0.0
376,0.0,284990.0,AMD Ryzen 7 Octa Core Processor,ASUS,1024.0,32.0,LPDDR5,34.04,0.0,0.0
377,4.0,38490.0,Intel Core i3 Processor (10th Gen),DELL,0.0,8.0,DDR4,35.56,0.0,1024.0
378,0.0,191990.0,Intel Core i9 Processor (12th Gen),ASUS,1024.0,16.0,LPDDR5,34.04,0.0,0.0
379,0.0,105990.0,AMD Ryzen 7 Octa Core Processor,DELL,512.0,16.0,DDR5,39.62,0.0,0.0
380,4.0,250000.0,Intel Core i7 Processor (10th Gen),DELL,1024.0,16.0,GDDR6,39.62,0.0,0.0
381,4.5,66990.0,Intel Core i5 Processor (12th Gen),SAMSUNG,512.0,16.0,LPDDR4X,39.62,0.0,0.0
382,0.0,249900.0,Apple M2 Pro Processor,APPLE,1024.0,16.0,Unified,35.56,0.0,0.0
383,4.2,113990.0,Intel Core i7 Processor (12th Gen),HP,1024.0,16.0,LPDDR4X,33.78,0.0,0.0
384,0.0,96990.0,AMD Ryzen 7 Octa Core Processor,ASUS,1024.0,16.0,DDR5,39.62,0.0,0.0
385,3.7,40990.0,AMD Ryzen 3 Dual Core Processor,DELL,512.0,8.0,DDR4,38.0,0.0,0.0
386,3.9,55490.0,Intel Core i5 Processor (11th Gen),DELL,512.0,8.0,DDR4,39.62,0.0,0.0
387,0.0,43190.0,Intel Core i3 Processor (11th Gen),DELL,512.0,8.0,DDR4,39.62,0.0,0.0
388,0.0,62190.0,Intel Core i3 Processor (11th Gen),LENOVO,256.0,8.0,DDR4,38.1,0.0,0.0
389,4.4,129990.0,AMD Ryzen 9 Octa Core Processor,ASUS,1024.0,16.0,DDR4,39.62,0.0,0.0
390,0.0,59990.0,AMD Ryzen 5 Hexa Core Processor,ASUS,512.0,16.0,DDR4,40.64,0.0,0.0
391,4.3,71090.0,Intel Core i5 Processor (11th Gen),DELL,512.0,16.0,DDR4,35.56,0.0,0.0
392,4.5,104890.0,Intel Core i7 Processor (12th Gen),DELL,512.0,16.0,DDR4,35.56,0.0,0.0
393,0.0,86990.0,AMD Ryzen 7 Octa Core Processor,ASUS,512.0,16.0,DDR4,39.62,0.0,0.0
394,0.0,92890.0,Intel Core i7 Processor (12th Gen),HP,512.0,16.0,DDR4,35.56,0.0,0.0
395,4.8,54990.0,Intel Core i5 Processor (11th Gen),ACER,512.0,16.0,DDR4,39.62,0.0,0.0
396,0.0,159990.0,AMD Ryzen 7 Octa Core Processor,LENOVO,1024.0,16.0,DDR5,40.64,0.0,0.0
397,3.9,50990.0,AMD Ryzen 5 Hexa Core Processor,LENOVO,512.0,8.0,DDR4,35.56,0.0,0.0
398,4.6,82990.0,Intel Core i5 Processor (12th Gen),DELL,512.0,16.0,DDR5,33.78,0.0,0.0
399,4.4,44490.0,Intel Core i3 Processor (11th Gen),LENOVO,512.0,8.0,DDR4,39.62,0.0,0.0
400,4.2,44900.0,Intel Core i3 Processor (11th Gen),DELL,512.0,8.0,DDR4,39.62,0.0,0.0
401,4.1,45490.0,Intel Core i3 Processor (11th Gen),DELL,256.0,8.0,DDR4,39.62,0.0,1024.0
402,0.0,309900.0,Apple M2 Max Processor,APPLE,1024.0,32.0,Unified,35.56,0.0,0.0
403,4.0,56790.0,AMD Ryzen 5 Hexa Core Processor,LENOVO,256.0,8.0,DDR4,39.62,0.0,1024.0
404,0.0,56990.0,Intel Core i5 Processor (12th Gen),MSI,512.0,8.0,DDR4,35.56,0.0,0.0
405,0.0,99990.0,AMD Ryzen 7 Octa Core Processor,ASUS,512.0,16.0,LPDDR4X,35.56,0.0,0.0
406,0.0,164990.0,Intel Core i7 Processor (12th Gen),LENOVO,1024.0,16.0,DDR5,40.64,0.0,0.0
407,4.9,99990.0,AMD Ryzen 5 Hexa Core Processor,ASUS,512.0,16.0,LPDDR5,33.78,0.0,0.0
408,0.0,99990.0,AMD Ryzen 7 Octa Core Processor,HP,512.0,16.0,DDR4,40.89,0.0,0.0
409,0.0,269900.0,Apple M2 Pro Processor,APPLE,1024.0,16.0,Unified,40.64,0.0,0.0
410,4.4,149990.0,Apple M2 Processor,APPLE,512.0,8.0,Unified,34.54,0.0,0.0
411,0.0,229990.0,Intel Core i7 Processor (12th Gen),ACER,2048.0,32.0,LPDDR5,40.64,0.0,0.0
412,4.3,57990.0,AMD Ryzen 7 Octa Core Processor,ASUS,512.0,8.0,DDR4,35.56,0.0,0.0
413,0.0,154490.0,AMD Ryzen 9 Octa Core Processor,HP,1024.0,32.0,DDR5,40.89,0.0,0.0
414,4.2,43090.0,Intel Core i3 Processor (11th Gen),DELL,256.0,4.0,DDR4,35.0,0.0,1024.0
415,0.0,304980.0,Intel Core i9 Processor (12th Gen),ASUS,1024.0,16.0,LPDDR5,34.04,0.0,0.0
416,4.6,99990.0,AMD Ryzen 9 Octa Core Processor,ASUS,512.0,16.0,DDR4,42.16,0.0,0.0
417,0.0,247990.0,AMD Ryzen 7 Octa Core Processor,ASUS,1024.0,16.0,LPDDR5,34.04,0.0,0.0
418,4.1,84990.0,Intel Core i7 Processor (12th Gen),ASUS,512.0,16.0,DDR4,35.56,0.0,0.0
419,0.0,246490.0,Intel Core i7 Processor (12th Gen),DELL,1024.0,16.0,DDR5,39.62,0.0,0.0
420,4.3,95500.0,Intel Core i7 Processor (12th Gen),ASUS,512.0,16.0,DDR5,39.62,0.0,0.0
421,4.4,101990.0,Intel Core i7 Processor (12th Gen),ASUS,1024.0,16.0,DDR5,39.62,0.0,0.0
422,5.0,35890.0,Intel Core i3 Processor (10th Gen),LENOVO,256.0,8.0,DDR4,35.56,0.0,0.0
423,0.0,80599.0,AMD Ryzen 7 Octa Core Processor,HP,512.0,8.0,DDR4,39.62,0.0,0.0
424,4.4,52490.0,Intel Core i5 Processor (11th Gen),MSI,512.0,8.0,DDR4,39.62,0.0,0.0
425,0.0,72990.0,Intel Core i5 Processor (12th Gen),GIGABYTE,512.0,8.0,DDR4,39.62,0.0,0.0
426,4.5,129990.0,Apple M2 Processor,APPLE,256.0,8.0,Unified,33.78,0.0,0.0
427,4.0,84000.0,Intel Core i5 Processor (12th Gen),DELL,512.0,16.0,DDR5,38.0,0.0,0.0
428,0.0,86510.0,AMD Ryzen 7 Octa Core Processor,LENOVO,512.0,16.0,LPDDR4X,33.78,0.0,0.0
429,4.0,79990.0,Intel Core i5 Processor (12th Gen),ACER,512.0,8.0,DDR4,39.62,0.0,0.0
430,0.0,399990.0,Intel Core i9 Processor (12th Gen),ASUS,4096.0,32.0,DDR5,43.94,0.0,0.0
431,0.0,249900.0,Apple M2 Pro Processor,APPLE,512.0,16.0,Unified,40.64,0.0,0.0
432,4.7,112900.0,Apple M1 Processor,APPLE,256.0,16.0,DDR4,33.78,0.0,0.0
433,0.0,47990.0,AMD Ryzen 3 Quad Core Processor,ASUS,512.0,8.0,LPDDR5,39.62,0.0,0.0
434,4.4,58990.0,AMD Ryzen 5 Hexa Core Processor,ASUS,512.0,16.0,DDR4,39.62,0.0,0.0
435,4.4,110703.0,Intel Core i7 Processor (12th Gen),ASUS,1024.0,16.0,DDR5,43.94,0.0,0.0
436,4.6,69990.0,Intel Core i5 Processor (11th Gen),MSI,512.0,16.0,LPDDR4X,35.56,0.0,0.0
437,0.0,57990.0,Intel Core i5 Processor (11th Gen),DELL,512.0,8.0,DDR4,39.62,0.0,0.0
438,4.3,149999.0,Intel Core i9 Processor (10th Gen),DELL,1024.0,16.0,GDDR6,39.62,0.0,0.0
439,0.0,107699.0,AMD Ryzen 7 Octa Core Processor,HP,512.0,16.0,DDR5,40.89,0.0,0.0
440,4.2,51990.0,Intel Core i5 Processor (10th Gen),ASUS,512.0,8.0,DDR4,39.62,0.0,0.0
441,0.0,180595.0,Intel Core i7 Processor (12th Gen),LENOVO,1024.0,16.0,LPDDR5,35.56,0.0,0.0
442,0.0,164990.0,Intel Core i7 Processor (12th Gen),LENOVO,1024.0,16.0,DDR5,40.64,0.0,0.0
443,0.0,67990.0,Intel Core i5 Processor (13th Gen),MSI,512.0,16.0,DDR4,39.62,0.0,0.0
444,0.0,85990.0,Intel Core i5 Processor (12th Gen),GIGABYTE,512.0,16.0,DDR4,39.62,0.0,0.0
445,4.4,52990.0,Intel Core i5 Processor (10th Gen),ACER,512.0,8.0,GDDR6,39.62,0.0,0.0
446,4.0,40490.0,Intel Core i3 Processor (11th Gen),DELL,256.0,8.0,DDR4,39.62,0.0,0.0
447,0.0,109990.0,AMD Ryzen 7 Octa Core Processor,HP,1024.0,16.0,DDR4,40.89,0.0,0.0
448,4.5,52990.0,AMD Ryzen 5 Hexa Core Processor,LENOVO,512.0,8.0,DDR4,35.56,0.0,0.0
449,4.5,74890.0,AMD Ryzen 5 Hexa Core Processor,DELL,512.0,16.0,DDR4,39.62,0.0,0.0
450,4.6,99990.0,AMD Ryzen 7 Octa Core Processor,ASUS,1024.0,16.0,DDR5,39.62,0.0,0.0
451,0.0,189990.0,AMD Ryzen 9 Octa Core Processor,ASUS,1024.0,16.0,DDR5,39.62,0.0,0.0
452,3.8,99990.0,AMD Ryzen 5 Quad Core Processor,MICROSOFT,128.0,8.0,DDR4,38.1,0.0,0.0
453,4.3,124990.0,Intel Core i7 Processor (11th Gen),ACER,1024.0,16.0,DDR4,39.62,0.0,0.0
454,0.0,109990.0,Intel Core i7 Processor (12th Gen),ASUS,512.0,16.0,LPDDR5,35.56,0.0,0.0
455,3.8,62990.0,Intel Core i5 Processor (10th Gen),DELL,512.0,8.0,DDR4,35.56,0.0,0.0
456,0.0,89990.0,AMD Ryzen 5 Hexa Core Processor,ASUS,512.0,16.0,LPDDR4X,35.56,0.0,0.0
457,0.0,92290.0,AMD Ryzen 5 Hexa Core Processor,LENOVO,512.0,16.0,LPDDR4X,35.56,0.0,0.0
458,4.1,103490.0,Intel Core i7 Processor (11th Gen),DELL,512.0,16.0,DDR4,39.62,0.0,0.0
459,0.0,75100.0,AMD Ryzen 5 Hexa Core Processor,ASUS,256.0,8.0,DDR4,39.62,0.0,1024.0
460,4.4,72990.0,Intel Core i7 Processor (12th Gen),SAMSUNG,512.0,16.0,DDR4,39.62,0.0,0.0
461,4.5,55990.0,AMD Ryzen 5 Hexa Core Processor,ACER,512.0,8.0,LPDDR4X,35.56,0.0,0.0
462,4.3,53490.0,Intel Core i5 Processor (11th Gen),LENOVO,512.0,8.0,DDR4,39.62,0.0,0.0
463,4.3,64990.0,Intel Core i5 Processor (11th Gen),LENOVO,512.0,8.0,DDR4,39.62,0.0,0.0
464,0.0,94990.0,Intel Core i7 Processor (13th Gen),MSI,512.0,16.0,DDR5,43.94,0.0,0.0
465,0.0,59990.0,AMD Ryzen 5 Hexa Core Processor,ASUS,1024.0,8.0,DDR4,40.64,0.0,0.0
466,4.6,46990.0,AMD Ryzen 5 Hexa Core Processor,LENOVO,512.0,8.0,DDR4,39.62,0.0,0.0
467,4.5,85990.0,AMD Ryzen 7 Octa Core Processor,DELL,512.0,16.0,DDR4,35.56,0.0,0.0
468,3.8,161990.0,AMD Ryzen 9 Octa Core Processor,ASUS,1024.0,16.0,DDR5,39.62,0.0,0.0
469,4.0,57990.0,Intel Core i5 Processor (12th Gen),DELL,512.0,8.0,DDR4,39.62,0.0,0.0
470,5.0,41990.0,Intel Core i3 Processor (12th Gen),MSI,512.0,8.0,DDR4,35.56,0.0,0.0
471,0.0,109990.0,Intel Core i7 Processor (12th Gen),MSI,1024.0,16.0,DDR4,40.64,0.0,0.0
472,0.0,48990.0,Intel Core i3 Processor (12th Gen),MSI,512.0,8.0,DDR4,35.56,0.0,0.0
473,4.8,119990.0,Apple M2 Processor,APPLE,256.0,8.0,Unified,34.54,0.0,0.0
474,4.5,180990.0,Intel Core i7 Processor (11th Gen),MSI,1024.0,16.0,GDDR6,43.94,0.0,0.0
475,4.4,43490.0,AMD Ryzen 5 Quad Core Processor,DELL,512.0,8.0,DDR4,39.62,0.0,0.0
476,0.0,114990.0,Intel Core i7 Processor (11th Gen),ACER,1024.0,16.0,LPDDR4X,40.89,0.0,0.0
477,0.0,159990.0,Intel Core i7 Processor (12th Gen),LENOVO,1024.0,16.0,LPDDR5,36.83,0.0,0.0
478,0.0,62990.0,AMD Ryzen 5 Hexa Core Processor,ACER,512.0,8.0,LPDDR4X,35.56,0.0,0.0
479,0.0,59990.0,Intel Core i5 Processor (12th Gen),MSI,512.0,16.0,DDR4,35.56,0.0,0.0
480,4.0,157990.0,AMD Ryzen 7 Octa Core Processor,ASUS,1024.0,16.0,DDR5,39.62,0.0,0.0
481,4.9,80990.0,Intel Core i5 Processor (12th Gen),HP,512.0,8.0,LPDDR4X,33.78,0.0,0.0
482,4.1,25990.0,Intel Celeron Dual Core Processor,ASUS,0.0,4.0,LPDDR4,35.56,64.0,0.0
483,0.0,79990.0,AMD Ryzen 5 Hexa Core Processor,ACER,512.0,8.0,DDR5,39.62,0.0,0.0
484,0.0,109990.0,Intel Core i5 Processor (12th Gen),ASUS,512.0,16.0,LPDDR5,36.83,0.0,0.0
485,4.2,56990.0,Intel Core i5 Processor (11th Gen),DELL,512.0,8.0,DDR4,39.62,0.0,0.0
486,4.5,78190.0,Intel Core i5 Processor (11th Gen),DELL,1024.0,8.0,LPDDR4X,33.78,0.0,0.0
487,0.0,115790.0,Intel Core i5 Processor (11th Gen),DELL,512.0,16.0,LPDDR4X,34.04,0.0,0.0
488,4.6,72490.0,AMD Ryzen 5 Hexa Core Processor,DELL,512.0,8.0,GDDR6,39.62,0.0,0.0
489,0.0,75476.0,AMD Ryzen 5 Hexa Core Processor,ASUS,512.0,16.0,DDR4,35.56,0.0,0.0
490,5.0,99990.0,AMD Ryzen 7 Octa Core Processor,DELL,512.0,16.0,DDR5,38.0,0.0,0.0
491,4.5,96990.0,Intel Core i7 Processor (10th Gen),ACER,256.0,16.0,DDR4,39.62,0.0,1024.0
492,4.3,83192.0,Intel Core i5 Processor (12th Gen),DELL,512.0,16.0,DDR4,35.56,0.0,0.0
493,0.0,95990.0,AMD Ryzen 5 Hexa Core Processor,HP,512.0,16.0,DDR4,40.89,0.0,0.0
494,0.0,39990.0,Intel Core i3 Processor (11th Gen),HP,256.0,8.0,DDR4,39.62,0.0,0.0
495,3.7,33990.0,Intel Core i3 Processor (10th Gen),LENOVO,256.0,8.0,DDR4,39.62,0.0,0.0
496,4.0,42490.0,Intel Core i3 Processor (11th Gen),DELL,512.0,8.0,DDR4,39.62,0.0,0.0
497,4.0,56990.0,Intel Core i5 Processor (11th Gen),DELL,512.0,8.0,DDR4,39.62,0.0,0.0
498,4.3,30690.0,Intel Pentium Quad Core Processor,DELL,256.0,4.0,DDR4,39.62,0.0,0.0
499,0.0,116640.0,Intel Core i7 Processor (6th Gen),ACER,128.0,16.0,GDDR5,39.62,0.0,1024.0
500,0.0,151990.0,AMD Ryzen 9 Octa Core Processor,ASUS,1024.0,16.0,LPDDR5,34.04,0.0,0.0
501,4.7,192990.0,Intel Core i9 Processor (11th Gen),MSI,1024.0,16.0,DDR4,40.64,0.0,0.0
502,4.0,44490.0,Intel Core i3 Processor (11th Gen),LENOVO,256.0,4.0,DDR4,39.62,0.0,0.0
503,0.0,192990.0,Intel Core i7 Processor (11th Gen),LENOVO,1024.0,32.0,DDR4,40.64,0.0,0.0
504,0.0,32990.0,Intel Core i3 Processor (10th Gen),INFINIX,512.0,8.0,LPDDR4X,39.62,0.0,0.0
505,3.7,104990.0,Intel Core i5 Processor (12th Gen),ASUS,512.0,16.0,LPDDR5,35.56,0.0,0.0
506,0.0,44490.0,Intel Core i3 Processor (12th Gen),DELL,512.0,8.0,DDR4,39.62,0.0,0.0
507,0.0,131990.0,AMD Ryzen 7 Octa Core Processor,LENOVO,1024.0,16.0,DDR4,39.62,0.0,0.0
508,4.2,51890.0,Intel Core i5 Processor (11th Gen),HP,512.0,8.0,DDR4,39.62,0.0,0.0
509,4.2,101990.0,AMD Ryzen 9 Octa Core Processor,ASUS,1024.0,8.0,DDR4,35.56,0.0,0.0
510,0.0,167990.0,Intel Core i7 Processor (12th Gen),DELL,512.0,16.0,DDR5,35.56,0.0,0.0
511,0.0,45990.0,Intel Core i3 Processor (12th Gen),MSI,256.0,8.0,DDR4,35.56,0.0,0.0
512,3.8,103490.0,Intel Core i7 Processor (11th Gen),DELL,512.0,16.0,DDR4,39.62,0.0,0.0
513,4.7,38690.0,AMD Ryzen 3 Dual Core Processor,DELL,256.0,8.0,DDR4,39.62,0.0,0.0
514,0.0,73890.0,AMD Ryzen 7 Octa Core Processor,DELL,512.0,16.0,DDR4,40.64,0.0,0.0
515,0.0,89990.0,AMD Ryzen 7 Hexa Core Processor,ACER,512.0,8.0,DDR5,39.62,0.0,0.0
516,4.0,75990.0,Intel Core i5 Processor (12th Gen),ASUS,512.0,16.0,DDR4,39.62,0.0,0.0
517,4.5,61990.0,AMD Ryzen 5 Dual Core Processor,ASUS,512.0,8.0,DDR4,39.62,0.0,0.0
518,3.6,31490.0,AMD Ryzen 3 Dual Core Processor,LENOVO,0.0,4.0,DDR4,39.62,0.0,1024.0
519,4.3,44490.0,Intel Core i3 Processor (10th Gen),DELL,512.0,8.0,DDR4,39.62,0.0,0.0
520,4.3,62990.0,Intel Core i5 Processor (10th Gen),DELL,512.0,8.0,DDR4,35.56,0.0,0.0
521,0.0,234990.0,Intel Core i7 Processor (10th Gen),ASUS,1024.0,32.0,DDR4,39.62,0.0,0.0
522,4.3,32990.0,Intel Core i3 Processor (10th Gen),INFINIX,512.0,8.0,LPDDR4X,39.62,0.0,0.0
523,4.6,63990.0,AMD Ryzen 7 Octa Core Processor,ASUS,512.0,16.0,DDR4,39.62,0.0,0.0
524,0.0,61290.0,Intel Core i5 Processor (11th Gen),LENOVO,512.0,16.0,DDR4,39.62,0.0,0.0
525,3.9,42590.0,Intel Core i3 Processor (12th Gen),ASUS,512.0,8.0,DDR4,39.62,0.0,0.0
526,0.0,84990.0,Intel Core i5 Processor (12th Gen),ACER,512.0,16.0,LPDDR4X,35.56,0.0,0.0
527,0.0,175490.0,Intel Core i7 Processor (12th Gen),HP,1024.0,16.0,DDR5,40.89,0.0,0.0
528,4.0,130990.0,Intel Core i7 Processor (12th Gen),HP,512.0,16.0,LPDDR4X,34.29,0.0,0.0
529,0.0,45390.0,Intel Core i3 Processor (11th Gen),DELL,256.0,8.0,DDR4,38.1,0.0,1024.0
530,4.3,319990.0,Apple M1 Max Processor,APPLE,1024.0,32.0,Unified,41.15,0.0,0.0
531,0.0,92990.0,AMD Ryzen 9 Octa Core Processor,ASUS,1024.0,16.0,DDR4,39.62,0.0,0.0
532,4.3,38990.0,Intel Core i3 Processor (10th Gen),LENOVO,512.0,8.0,DDR4,39.62,0.0,0.0
533,4.3,42490.0,Intel Core i3 Processor (11th Gen),ASUS,512.0,8.0,DDR4,35.56,0.0,0.0
534,4.2,29990.0,Intel Celeron Quad Core Processor,INFINIX,256.0,8.0,LPDDR4X,35.56,0.0,0.0
535,0.0,166990.0,AMD Ryzen 9 Octa Core Processor,ASUS,1024.0,16.0,DDR5,39.62,0.0,0.0
536,4.5,128490.0,Apple M1 Processor,APPLE,512.0,8.0,DDR4,33.78,0.0,0.0
537,4.5,29610.0,Intel Pentium Quad Core Processor,ASUS,256.0,8.0,DDR4,35.81,0.0,0.0
538,3.0,79990.0,AMD Ryzen 7 Octa Core Processor,ASUS,1024.0,16.0,LPDDR4X,33.78,0.0,0.0
539,3.8,58990.0,Intel Core i5 Processor (8th Gen),SONY,512.0,8.0,DDR4,35.56,0.0,0.0
540,3.8,28490.0,Intel Celeron Dual Core Processor,LENOVO,0.0,4.0,LPDDR4,35.56,64.0,0.0
541,5.0,79990.0,Intel Core i5 Processor (11th Gen),ASUS,512.0,16.0,LPDDR4X,35.56,0.0,0.0
542,4.4,42490.0,Intel Core i3 Processor (11th Gen),LENOVO,512.0,8.0,DDR4,39.62,0.0,0.0
543,4.2,33990.0,Intel Core i3 Processor (11th Gen),INFINIX,512.0,8.0,LPDDR4X,39.62,0.0,0.0
544,4.4,144990.0,Intel Core i9 Processor (11th Gen),ASUS,1024.0,16.0,DDR4,39.62,0.0,0.0
545,0.0,99990.0,AMD Ryzen 7 Octa Core Processor,ASUS,512.0,16.0,DDR4,43.94,0.0,0.0
546,4.3,69990.0,AMD Ryzen 5 Hexa Core Processor,HP,512.0,16.0,DDR4,38.86,0.0,0.0
547,0.0,64990.0,Intel Core i5 Processor (13th Gen),MSI,512.0,8.0,DDR4,39.62,0.0,0.0
548,4.5,59990.0,Intel Core i5 Processor (9th Gen),MSI,512.0,8.0,DDR4,39.62,0.0,0.0
549,4.4,46490.0,AMD Ryzen 5 Quad Core Processor,DELL,512.0,8.0,DDR4,35.56,0.0,0.0
550,0.0,77490.0,Intel Core i5 Processor (12th Gen),DELL,512.0,8.0,DDR4,40.64,0.0,0.0
551,0.0,167990.0,AMD Ryzen 7 Octa Core Processor,ASUS,1024.0,32.0,LPDDR5,34.04,0.0,0.0
552,5.0,116990.0,Intel Core i5 Processor (10th Gen),HP,512.0,8.0,DDR4,33.78,0.0,0.0
553,0.0,34990.0,Intel Core i3 Processor (11th Gen),ACER,256.0,8.0,DDR4,39.62,0.0,0.0
554,4.3,29990.0,Intel Core i3 Processor (10th Gen),ASUS,512.0,4.0,DDR4,39.62,0.0,0.0
555,4.2,36990.0,Intel Core i5 Processor (10th Gen),INFINIX,512.0,8.0,LPDDR4X,35.56,0.0,0.0
556,4.1,58900.0,Intel Core i5 Processor (11th Gen),LENOVO,512.0,8.0,DDR4,39.62,0.0,0.0
557,4.4,71990.0,Intel Core i5 Processor (10th Gen),DELL,512.0,16.0,GDDR6,39.62,0.0,0.0
558,0.0,147990.0,Intel Core i7 Processor (13th Gen),MSI,1024.0,16.0,LPDDR5,34.04,0.0,0.0
559,4.4,76990.0,AMD Ryzen 7 Octa Core Processor,LENOVO,512.0,8.0,DDR4,39.62,0.0,0.0
560,4.2,55490.0,AMD Ryzen 5 Hexa Core Processor,HP,512.0,8.0,DDR4,39.62,0.0,0.0
561,0.0,94990.0,Intel Core i5 Processor (11th Gen),ACER,512.0,16.0,LPDDR4X,40.89,0.0,0.0
562,4.3,55990.0,Intel Core i5 Processor (11th Gen),LENOVO,512.0,8.0,DDR4,39.62,0.0,0.0
563,4.1,57490.0,Intel Core i5 Processor (11th Gen),LENOVO,512.0,16.0,DDR4,39.62,0.0,0.0
564,3.5,16100.0,Intel Celeron Dual Core Processor,LENOVO,0.0,4.0,LPDDR4,29.46,64.0,0.0
565,0.0,66990.0,AMD Ryzen 5 Hexa Core Processor,ASUS,1024.0,16.0,DDR4,40.64,0.0,0.0
566,4.3,66990.0,Intel Core i7 Processor (8th Gen),ASUS,512.0,8.0,LPDDR3,33.78,0.0,0.0
567,4.0,45690.0,Intel Core i3 Processor (11th Gen),DELL,512.0,8.0,DDR4,39.62,0.0,0.0
568,4.3,31490.0,Intel Core i3 Processor (7th Gen),ASUS,256.0,4.0,DDR4,35.56,0.0,0.0
569,4.4,71990.0,Intel Core i5 Processor (11th Gen),LENOVO,512.0,8.0,DDR4,39.62,0.0,0.0
570,0.0,88490.0,Intel Core i5 Processor (12th Gen),DELL,512.0,16.0,DDR4,40.64,0.0,0.0
571,4.1,42490.0,Intel Core i3 Processor (10th Gen),DELL,256.0,4.0,DDR4,35.56,0.0,1024.0
572,4.0,42990.0,Intel Core i5 Processor (11th Gen),ACER,512.0,8.0,DDR4,39.62,0.0,0.0
573,4.5,103990.0,Intel Core i7 Processor (10th Gen),ACER,256.0,16.0,GDDR6,39.62,0.0,1024.0
574,4.1,37990.0,Intel Core i5 Processor (10th Gen),INFINIX,512.0,8.0,LPDDR4X,35.56,0.0,0.0
575,4.4,45990.0,Intel Core i3 Processor (11th Gen),DELL,512.0,4.0,DDR4,39.62,0.0,0.0
576,4.2,49990.0,Intel Core i3 Processor (11th Gen),HP,256.0,8.0,DDR4,35.56,0.0,0.0
577,4.4,94490.0,Intel Core i5 Processor (10th Gen),MICROSOFT,128.0,8.0,LPDDR4X,33.02,0.0,0.0
578,3.9,107990.0,AMD Ryzen 7 Octa Core Processor,ASUS,1024.0,16.0,DDR5,39.62,0.0,0.0
579,4.0,81998.0,Intel Core i5 Processor (8th Gen),ACER,256.0,8.0,DDR3,35.56,0.0,0.0
580,0.0,98900.0,Intel Core i7 Processor (12th Gen),ASUS,1024.0,16.0,DDR4,39.62,0.0,0.0
581,0.0,94500.0,AMD Ryzen 7 Octa Core Processor,HP,512.0,16.0,DDR4,33.78,0.0,0.0
582,4.3,16990.0,MediaTek MediaTek MT8788 Processor,PRIMEBOOK,0.0,4.0,LPDDR4,29.46,64.0,0.0
583,3.2,35500.0,Intel Pentium Quad Core Processor,DELL,256.0,4.0,DDR4,39.62,0.0,0.0
584,4.3,62990.0,Intel Core i5 Processor (10th Gen),LENOVO,512.0,8.0,DDR4,39.62,0.0,0.0
585,0.0,105990.0,Intel Core i7 Processor (11th Gen),LENOVO,512.0,16.0,DDR4,39.62,0.0,0.0
586,4.4,68000.0,Intel Core i5 Processor (11th Gen),HP,512.0,16.0,DDR4,35.56,0.0,0.0
587,4.2,52990.0,AMD Ryzen 7 Octa Core Processor,MSI,512.0,8.0,DDR4,39.62,0.0,0.0
588,0.0,89990.0,Intel Core i7 Processor (8th Gen),DELL,128.0,8.0,DDR4,39.62,0.0,1024.0
589,4.8,105490.0,Intel Core i7 Processor (12th Gen),DELL,512.0,16.0,DDR4,35.56,0.0,0.0
590,0.0,52990.0,Intel Core i5 Processor (12th Gen),ACER,512.0,8.0,DDR4,39.62,0.0,0.0
591,0.0,191900.0,AMD Ryzen 9 Octa Core Processor,ASUS,1024.0,16.0,DDR4,39.62,0.0,0.0
592,4.2,101000.0,AMD Ryzen 7 Octa Core Processor,ASUS,512.0,16.0,DDR5,39.62,0.0,0.0
593,0.0,179998.0,AMD Ryzen 7 Octa Core Processor,LENOVO,1024.0,32.0,DDR5,40.64,0.0,0.0
594,3.6,55490.0,Intel Core i5 Processor (8th Gen),ACER,256.0,8.0,DDR4,33.78,0.0,0.0
595,3.8,69490.0,Intel Core i5 Processor (11th Gen),HP,512.0,16.0,DDR4,35.56,0.0,0.0
596,3.6,107590.0,Intel Core i7 Processor (12th Gen),DELL,512.0,16.0,DDR5,39.62,0.0,0.0
597,0.0,29000.0,Intel Pentium Quad Core Processor,ASUS,256.0,8.0,DDR4,35.56,0.0,0.0
598,3.4,73990.0,Intel Core i5 Processor (12th Gen),DELL,512.0,16.0,DDR4,40.64,0.0,0.0
599,0.0,24990.0,Intel Celeron Dual Core Processor,ASUS,256.0,4.0,DDR4,35.56,0.0,0.0
600,4.2,65990.0,Intel Core i5 Processor (11th Gen),DELL,256.0,8.0,DDR4,39.62,0.0,1024.0
601,0.0,159990.0,AMD Ryzen 7 Octa Core Processor,LENOVO,1024.0,16.0,DDR5,40.64,0.0,0.0
602,0.0,122490.0,Intel Core i5 Processor (10th Gen),LENOVO,512.0,16.0,DDR4,35.56,0.0,512.0
603,0.0,52990.0,AMD Ryzen 5 Quad Core Processor,ASUS,512.0,8.0,LPDDR5,39.62,0.0,0.0
604,4.2,64990.0,Intel Core i5 Processor (8th Gen),ACER,512.0,8.0,DDR3,35.56,0.0,0.0
605,0.0,91400.0,Intel Core i7 Processor (12th Gen),ASUS,512.0,16.0,DDR4,39.62,0.0,0.0
606,3.7,47990.0,Intel Core i7 Processor (10th Gen),INFINIX,512.0,16.0,LPDDR4X,35.56,0.0,0.0
607,4.0,41960.0,Intel Core i3 Processor (11th Gen),HP,512.0,8.0,DDR4,39.62,0.0,0.0
608,3.7,22990.0,Intel Celeron Dual Core Processor,LENOVO,256.0,4.0,DDR4,29.46,0.0,0.0
609,4.3,34990.0,AMD Ryzen 3 Dual Core Processor,HP,256.0,8.0,DDR4,39.62,0.0,0.0
610,3.8,51990.0,Intel Core i7 Processor (10th Gen),AVITA,1024.0,16.0,DDR4,35.56,0.0,0.0
611,0.0,90990.0,AMD Ryzen 7 Octa Core Processor,HP,512.0,8.0,DDR5,40.89,0.0,0.0
612,4.0,52490.0,Intel Core i5 Processor (8th Gen),LENOVO,0.0,4.0,DDR4,39.62,0.0,1024.0
613,4.3,39660.0,Intel Core i3 Processor (11th Gen),HP,512.0,8.0,DDR4,39.62,0.0,0.0
614,0.0,126990.0,AMD Ryzen 7 Octa Core Processor,DELL,512.0,16.0,DDR5,38.0,0.0,0.0
615,0.0,44331.0,Intel Core i3 Processor (11th Gen),DELL,512.0,8.0,DDR4,39.62,0.0,0.0
616,0.0,244801.0,Intel Core i7 Processor (8th Gen),LENOVO,512.0,16.0,DDR4,35.56,0.0,0.0
617,3.3,149490.0,Intel Core i7 Processor (10th Gen),HP,512.0,16.0,DDR4,33.78,0.0,0.0
618,4.8,79990.0,AMD Ryzen 7 Octa Core Processor,ASUS,512.0,16.0,DDR4,39.62,0.0,0.0
619,5.0,142490.0,Intel Core i7 Processor (10th Gen),ASUS,1024.0,16.0,LPDDR3,35.56,0.0,0.0
620,4.4,53990.0,Intel Core i5 Processor (9th Gen),ACER,512.0,8.0,DDR4,39.62,0.0,0.0
621,4.1,53990.0,Intel Core i5 Processor (10th Gen),MSI,0.0,8.0,DDR4,39.62,0.0,1024.0
622,4.2,39990.0,Intel Core i3 Processor (11th Gen),HP,512.0,8.0,DDR4,39.62,0.0,0.0
623,4.3,69490.0,Intel Core i5 Processor (10th Gen),DELL,512.0,8.0,GDDR6,39.62,0.0,0.0
624,4.0,25990.0,Intel Celeron Dual Core Processor,ASUS,0.0,4.0,LPDDR4,39.62,64.0,0.0
625,3.7,97500.0,Intel Core i5 Processor (10th Gen),HP,512.0,16.0,DDR4,39.62,0.0,0.0
626,4.2,48990.0,Intel Core i3 Processor (11th Gen),MSI,512.0,8.0,DDR4,35.56,0.0,0.0
627,0.0,171990.0,AMD Ryzen 7 Octa Core Processor,ASUS,1024.0,16.0,DDR5,40.64,0.0,0.0
628,4.4,37990.0,AMD Ryzen 3 Dual Core Processor,LENOVO,256.0,8.0,DDR4,39.62,0.0,0.0
629,0.0,174990.0,Intel Core i7 Processor (12th Gen),ASUS,512.0,16.0,DDR5,40.64,0.0,0.0
630,0.0,46990.0,AMD Ryzen 5 Quad Core Processor,ACER,512.0,8.0,LPDDR5,39.62,0.0,0.0
631,0.0,135499.0,AMD Ryzen 7 Octa Core Processor,HP,1024.0,16.0,DDR5,40.89,0.0,0.0
632,0.0,189990.0,Intel Core i7 Processor (13th Gen),MSI,1024.0,32.0,LPDDR5,40.64,0.0,0.0
633,4.5,64490.0,Intel Core i5 Processor (8th Gen),HP,256.0,8.0,DDR3,33.78,0.0,0.0
634,4.5,24000.0,Intel Pentium Quad Core Processor,ACER,256.0,4.0,DDR4,39.62,0.0,0.0
635,4.6,102490.0,Intel Core i7 Processor (11th Gen),MSI,512.0,16.0,GDDR6,39.62,0.0,0.0
636,4.2,30990.0,Intel Core i3 Processor (11th Gen),MI,256.0,8.0,DDR4,39.62,0.0,0.0
637,0.0,97890.0,AMD Ryzen 7 Octa Core Processor,LENOVO,512.0,16.0,LPDDR4X,35.56,0.0,0.0
638,0.0,110490.0,Intel Core i5 Processor (12th Gen),DELL,512.0,16.0,DDR5,34.04,0.0,0.0
639,0.0,131655.0,Intel Core i7 Processor (12th Gen),ASUS,1024.0,16.0,LPDDR5,39.62,0.0,0.0
640,4.3,103190.0,AMD Ryzen 7 Octa Core Processor,HP,512.0,16.0,DDR5,40.89,0.0,0.0
641,4.3,35990.0,Intel Core i3 Processor (11th Gen),ASUS,256.0,8.0,DDR4,35.56,0.0,0.0
642,4.2,39990.0,Intel Core i5 Processor (11th Gen),INFINIX,512.0,8.0,LPDDR4X,39.62,0.0,0.0
643,0.0,144998.0,AMD Ryzen 7 Octa Core Processor,LENOVO,1024.0,16.0,DDR4,39.62,0.0,0.0
644,4.4,55990.0,AMD Ryzen 5 Hexa Core Processor,ACER,512.0,8.0,DDR4,39.62,0.0,0.0
645,4.4,59990.0,Intel Core i5 Processor (11th Gen),REALME,512.0,8.0,DDR4,35.56,0.0,0.0
646,4.4,43990.0,Intel Core i5 Processor (10th Gen),NOKIA,512.0,8.0,DDR4,35.56,0.0,0.0
647,4.5,139990.0,Intel Core i7 Processor (11th Gen),ASUS,1024.0,16.0,DDR4,40.64,0.0,0.0
648,4.6,141009.0,Intel Core i7 Processor (11th Gen),LENOVO,1024.0,16.0,DDR4,40.64,0.0,0.0
649,0.0,189990.0,AMD Ryzen 9 Octa Core Processor,ASUS,1024.0,16.0,DDR5,39.62,0.0,0.0
650,3.7,59779.0,Intel Core i5 Processor (12th Gen),DELL,512.0,8.0,DDR4,39.62,0.0,0.0
651,4.0,39990.0,Intel Core i3 Processor (11th Gen),LENOVO,512.0,8.0,DDR4,35.56,0.0,0.0
652,3.3,74990.0,Intel Core i5 Processor (8th Gen),LENOVO,512.0,8.0,DDR4,33.78,0.0,0.0
653,3.5,59790.0,Intel Core i5 Processor (11th Gen),DELL,256.0,8.0,DDR4,39.62,0.0,1024.0
654,3.9,49290.0,AMD Ryzen 5 Quad Core Processor,DELL,512.0,8.0,DDR4,39.62,0.0,0.0
655,0.0,195490.0,Intel Core i7 Processor (11th Gen),MSI,1024.0,16.0,GDDR6,39.62,0.0,0.0
656,0.0,62760.0,Intel Core i5 Processor (11th Gen),DELL,512.0,8.0,DDR4,39.62,0.0,0.0
657,0.0,113990.0,Intel Core i7 Processor (11th Gen),HP,1024.0,16.0,DDR4,40.89,0.0,0.0
658,4.4,66990.0,Intel Core i5 Processor (12th Gen),ASUS,512.0,16.0,DDR4,35.56,0.0,0.0
659,4.3,56990.0,Intel Core i5 Processor (12th Gen),INFINIX,512.0,16.0,LPDDR5,39.62,0.0,0.0
660,0.0,162990.0,AMD Ryzen 7 Octa Core Processor,ASUS,1024.0,16.0,DDR5,39.62,0.0,0.0
661,4.4,73490.0,Intel Core i5 Processor (10th Gen),ASUS,512.0,8.0,LPDDR3,33.78,0.0,0.0
662,0.0,65990.0,AMD Ryzen 5 Hexa Core Processor,ASUS,1024.0,8.0,DDR4,39.62,0.0,0.0
663,4.0,43000.0,Intel Core i3 Processor (11th Gen),DELL,0.0,8.0,DDR4,39.62,0.0,1024.0
664,4.5,109990.0,Intel Core i7 Processor (11th Gen),ACER,512.0,16.0,DDR4,39.62,0.0,1024.0
665,4.2,42990.0,Intel Core i3 Processor (11th Gen),DELL,256.0,8.0,DDR4,39.62,0.0,0.0
666,0.0,86000.0,Intel Core i7 Processor (8th Gen),LENOVO,512.0,8.0,DDR4,33.78,0.0,0.0
667,0.0,157990.0,AMD Ryzen 7 Octa Core Processor,ASUS,1024.0,16.0,DDR5,39.62,0.0,0.0
668,3.9,25490.0,AMD Athlon Dual Core Processor,HP,256.0,4.0,DDR4,39.62,0.0,0.0
669,4.1,149990.0,Intel Core i7 Processor (8th Gen),MSI,512.0,16.0,GDDR5,39.62,0.0,0.0
670,4.5,82990.0,Intel Core i5 Processor (10th Gen),ASUS,1024.0,8.0,DDR4,39.62,0.0,0.0
671,4.3,34990.0,AMD Ryzen 3 Dual Core Processor,ASUS,512.0,8.0,DDR4,39.62,0.0,0.0
672,4.8,61000.0,AMD Ryzen 5 Hexa Core Processor,HP,512.0,8.0,DDR4,40.89,0.0,0.0
673,4.5,47990.0,AMD Ryzen 5 Hexa Core Processor,ASUS,512.0,8.0,DDR4,39.62,0.0,0.0
674,4.2,27990.0,AMD Ryzen 3 Dual Core Processor,ACER,512.0,4.0,DDR4,39.62,0.0,0.0
675,4.2,77990.0,Intel Core i5 Processor (10th Gen),HP,512.0,8.0,DDR4,33.78,0.0,0.0
676,4.7,102490.0,AMD Ryzen 7 Octa Core Processor,HP,512.0,16.0,DDR4,40.89,0.0,0.0
677,4.7,69990.0,Intel Core i5 Processor (11th Gen),LENOVO,512.0,16.0,LPDDR4X,35.56,0.0,0.0
678,4.8,79990.0,Intel Core i5 Processor (11th Gen),ACER,512.0,8.0,DDR4,35.56,0.0,0.0
679,4.0,135990.0,Intel Core i7 Processor (11th Gen),MSI,1024.0,16.0,DDR4,39.62,0.0,0.0
680,4.7,150490.0,Intel Core i7 Processor (10th Gen),ACER,2048.0,16.0,DDR4,39.62,0.0,0.0
681,0.0,119990.0,Intel Core i7 Processor (13th Gen),MSI,1024.0,16.0,LPDDR5,35.56,0.0,0.0
682,0.0,57890.0,AMD Ryzen 5 Hexa Core Processor,DELL,512.0,16.0,DDR4,35.56,0.0,0.0
683,0.0,128990.0,Intel Core i5 Processor (8th Gen),HP,256.0,8.0,DDR4,33.78,0.0,0.0
684,0.0,79990.0,Intel Core i5 Processor (13th Gen),HP,1024.0,16.0,DDR4,35.56,0.0,0.0
685,4.6,41990.0,Intel Core i5 Processor (11th Gen),INFINIX,512.0,16.0,LPDDR4X,39.62,0.0,0.0
686,4.1,87990.0,Intel Core i7 Processor (8th Gen),DELL,256.0,8.0,DDR4,33.78,0.0,0.0
687,3.9,39643.0,Intel Core i3 Processor (10th Gen),HP,0.0,4.0,DDR4,39.62,0.0,1024.0
688,4.5,89990.0,AMD Ryzen 7 Octa Core Processor,ASUS,512.0,16.0,DDR4,35.56,0.0,0.0
689,3.7,25990.0,Intel Pentium Quad Core Processor,ASUS,0.0,4.0,DDR4,39.62,0.0,1024.0
690,4.3,26990.0,AMD Ryzen 3 Dual Core Processor,ASUS,256.0,4.0,DDR4,39.62,0.0,0.0
691,4.4,41999.0,Intel Celeron Dual Core Processor,ACER,256.0,4.0,DDR4,35.56,0.0,0.0
692,3.0,143990.0,Intel Core i9 Processor (11th Gen),ACER,1024.0,16.0,DDR4,39.62,0.0,0.0
693,0.0,76990.0,Intel Core i5 Processor (11th Gen),GIGABYTE,512.0,16.0,DDR4,39.62,0.0,0.0
694,4.4,50490.0,Intel Core i5 Processor (8th Gen),ASUS,512.0,8.0,DDR4,35.56,0.0,0.0
695,3.8,154990.0,Intel Core i7 Processor (10th Gen),ACER,2048.0,16.0,DDR4,39.62,0.0,0.0
696,4.3,41900.0,Intel Core i3 Processor (11th Gen),HP,256.0,8.0,DDR4,35.56,0.0,0.0
697,0.0,78990.0,Intel Core i5 Processor (8th Gen),ASUS,512.0,8.0,DDR4,35.56,0.0,0.0
698,4.1,54160.0,AMD Ryzen 5 Hexa Core Processor,HP,512.0,16.0,DDR4,35.56,0.0,0.0
699,4.4,53990.0,AMD Ryzen 7 Octa Core Processor,LENOVO,512.0,8.0,DDR4,35.56,0.0,0.0
700,1.7,114990.0,Intel Core i7 Processor (8th Gen),DELL,512.0,16.0,DDR3,33.78,0.0,0.0
701,0.0,47990.0,Intel Core i3 Processor (12th Gen),ACER,512.0,8.0,DDR4,39.62,0.0,0.0
702,0.0,180990.0,Intel Core i7 Processor (10th Gen),HP,512.0,16.0,LPDDR3,33.78,0.0,0.0
703,0.0,209000.0,Intel Core i7 Processor (12th Gen),ASUS,1024.0,32.0,DDR4,39.62,0.0,0.0
704,0.0,85998.0,Intel Core i5 Processor (12th Gen),LENOVO,512.0,8.0,DDR4,39.62,0.0,0.0
705,4.5,79990.0,Intel Core i7 Processor (12th Gen),HP,512.0,8.0,DDR4,39.62,0.0,0.0
706,4.6,77990.0,Intel Core i7 Processor (7th Gen),DELL,128.0,8.0,DDR5,39.62,0.0,1024.0
707,4.5,113000.0,AMD Ryzen 7 Octa Core Processor,HP,1024.0,16.0,DDR4,39.62,0.0,0.0
708,4.1,59999.0,Intel Core i7 Processor (10th Gen),ASUS,512.0,16.0,DDR4,39.62,0.0,0.0
709,4.4,37490.0,Intel Core i3 Processor (10th Gen),DELL,256.0,4.0,DDR4,38.1,0.0,0.0
710,0.0,35000.0,Intel Core i3 Processor (11th Gen),LENOVO,512.0,8.0,DDR4,39.62,0.0,0.0
711,3.7,145499.0,Intel Core i7 Processor (12th Gen),HP,512.0,16.0,LPDDR4X,40.64,0.0,0.0
712,0.0,72300.0,Intel Core i7 Processor (11th Gen),ASUS,512.0,16.0,DDR4,39.62,0.0,0.0
713,0.0,49852.0,AMD Athlon Dual Core Processor,DELL,256.0,8.0,DDR4,39.62,0.0,0.0
714,0.0,149980.0,Intel Core i7 Processor (12th Gen),ASUS,1024.0,16.0,DDR5,39.62,0.0,0.0
715,4.1,37490.0,Intel Core i3 Processor (10th Gen),HP,0.0,8.0,DDR4,39.62,0.0,1024.0
716,4.2,40990.0,Intel Core i3 Processor (11th Gen),HP,512.0,8.0,DDR4,39.62,0.0,0.0
717,3.9,34490.0,AMD Ryzen 3 Dual Core Processor,LENOVO,512.0,8.0,DDR4,39.62,0.0,0.0
718,4.3,35490.0,Intel Core i3 Processor (10th Gen),LENOVO,256.0,8.0,DDR4,39.62,0.0,0.0
719,4.3,40890.0,Intel Core i3 Processor (11th Gen),DELL,256.0,8.0,DDR4,39.62,0.0,1024.0
720,4.0,62500.0,Intel Core i5 Processor (11th Gen),DELL,256.0,8.0,DDR4,39.62,0.0,1024.0
721,4.0,72500.0,Intel Core i7 Processor (10th Gen),MSI,512.0,16.0,DDR4,35.56,0.0,0.0
722,4.1,36490.0,Intel Core i3 Processor (11th Gen),MSI,512.0,8.0,DDR4,35.56,0.0,0.0
723,3.5,87990.0,Intel Core i9 Processor (11th Gen),ASUS,512.0,16.0,DDR4,39.62,0.0,0.0
724,0.0,161990.0,AMD Ryzen 9 Octa Core Processor,ASUS,1024.0,16.0,DDR5,39.62,0.0,0.0
725,4.4,68690.0,Intel Core i5 Processor (11th Gen),HP,256.0,8.0,DDR4,39.62,0.0,1024.0
726,4.4,76999.0,Intel Core i5 Processor (12th Gen),HP,512.0,16.0,DDR4,35.56,0.0,0.0
727,4.4,66990.0,AMD Ryzen 5 Hexa Core Processor,HP,512.0,8.0,DDR4,39.62,0.0,0.0
728,0.0,39990.0,AMD Ryzen 3 Quad Core Processor,DELL,256.0,8.0,DDR4,35.56,0.0,0.0
729,3.7,89990.0,Intel Core i7 Processor (12th Gen),DELL,512.0,16.0,DDR5,33.78,0.0,0.0
730,0.0,82500.0,AMD Ryzen 5 Hexa Core Processor,HP,512.0,8.0,DDR4,33.78,0.0,0.0
731,4.8,71990.0,Intel Core i5 Processor (10th Gen),ASUS,512.0,8.0,DDR4,43.94,0.0,0.0
732,4.4,80990.0,Intel Core i5 Processor (7th Gen),ACER,256.0,8.0,DDR3,33.78,0.0,0.0
733,3.7,52990.0,AMD Ryzen 7 Quad Core Processor,SONY,512.0,8.0,DDR4,39.62,0.0,0.0
734,1.0,67990.0,Intel Core i5 Processor (12th Gen),DELL,512.0,8.0,DDR4,39.62,0.0,0.0
735,4.2,39990.0,Intel Core i3 Processor (10th Gen),LENOVO,256.0,8.0,DDR4,35.56,0.0,0.0
736,4.0,34990.0,AMD Ryzen 5 Quad Core Processor,SONY,512.0,8.0,DDR4,39.62,0.0,0.0
737,3.9,57490.0,Intel Core i5 Processor (10th Gen),ASUS,0.0,8.0,DDR4,35.56,0.0,1024.0
738,3.8,22490.0,MediaTek MediaTek Kompanio 500 Processor,HP,0.0,4.0,LPDDR4X,29.46,64.0,0.0
739,4.4,59990.0,Intel Core i5 Processor (10th Gen),ASUS,1024.0,8.0,DDR4,39.62,0.0,0.0
740,4.2,47990.0,Intel Core i7 Processor (10th Gen),INFINIX,512.0,16.0,LPDDR4X,35.56,0.0,0.0
741,0.0,178990.0,AMD Ryzen 7 Octa Core Processor,ASUS,1024.0,16.0,DDR5,40.64,0.0,0.0
742,4.5,73046.0,Intel Core i5 Processor (11th Gen),HP,512.0,16.0,DDR4,35.56,0.0,0.0
743,0.0,171490.0,Intel Core i7 Processor (10th Gen),LENOVO,512.0,16.0,LPDDR3,35.56,0.0,0.0
744,3.8,29890.0,Intel Celeron Dual Core Processor,HP,256.0,8.0,DDR4,35.56,0.0,0.0
745,0.0,74900.0,AMD Ryzen 5 Hexa Core Processor,ASUS,512.0,16.0,DDR4,35.56,0.0,0.0
746,4.5,65980.0,Intel Core i5 Processor (11th Gen),ASUS,512.0,8.0,LPDDR4X,35.56,0.0,0.0
747,0.0,76498.0,Intel Core i5 Processor (12th Gen),HP,512.0,16.0,DDR4,35.56,0.0,0.0
748,4.4,89500.0,AMD Ryzen 7 Octa Core Processor,HP,512.0,16.0,DDR4,40.89,0.0,0.0
749,4.0,59490.0,Intel Core i5 Processor (8th Gen),ACER,0.0,8.0,DDR4,39.62,0.0,1024.0
750,4.2,144528.0,Intel Core i7 Processor (12th Gen),DELL,1024.0,16.0,DDR5,38.0,0.0,0.0
751,0.0,80500.0,Intel Core i5 Processor (12th Gen),HP,512.0,16.0,DDR4,35.56,0.0,0.0
752,4.1,62000.0,Intel Core i5 Processor (12th Gen),HP,512.0,16.0,DDR4,39.62,0.0,0.0
753,4.0,73990.0,Intel Core i5 Processor (8th Gen),ACER,0.0,8.0,GDDR5,39.62,0.0,1024.0
754,0.0,124990.0,Intel Core i7 Processor (13th Gen),MSI,1024.0,16.0,LPDDR5,33.78,0.0,0.0
755,3.7,52990.0,AMD Ryzen 7 Quad Core Processor,SONY,512.0,8.0,DDR4,39.62,0.0,0.0
756,4.3,42999.0,Intel Core i5 Processor (7th Gen),DELL,0.0,8.0,DDR4,39.62,0.0,1024.0
757,4.0,59990.0,AMD Ryzen 5 Hexa Core Processor,LENOVO,512.0,8.0,DDR4,39.62,0.0,0.0
758,0.0,56890.0,Intel Core i5 Processor (11th Gen),HP,512.0,8.0,DDR4,35.56,0.0,0.0
759,0.0,138099.0,Intel Core i7 Processor (12th Gen),LENOVO,512.0,16.0,LPDDR5,35.56,0.0,0.0
760,4.4,45500.0,Intel Core i3 Processor (10th Gen),LENOVO,256.0,4.0,DDR4,35.56,0.0,0.0
761,0.0,82600.0,AMD Ryzen 7 Octa Core Processor,HP,512.0,16.0,DDR4,39.62,0.0,0.0
762,4.0,59490.0,Intel Core i5 Processor (8th Gen),ACER,0.0,8.0,DDR4,39.62,0.0,1024.0
763,3.5,59990.0,Intel Core i7 Processor (7th Gen),MSI,0.0,8.0,DDR4,39.62,0.0,1024.0
764,0.0,63500.0,Intel Core i5 Processor (12th Gen),HP,512.0,8.0,DDR4,35.56,0.0,0.0
765,4.2,26490.0,Intel Pentium Silver Processor,ACER,256.0,4.0,DDR4,35.56,0.0,0.0
766,0.0,92990.0,Intel Core i5 Processor (8th Gen),ACER,512.0,8.0,DDR4,39.62,0.0,0.0
767,4.1,77500.0,AMD Ryzen 5 Hexa Core Processor,HP,512.0,16.0,DDR4,33.78,0.0,0.0
768,4.3,63990.0,Intel Core i5 Processor (11th Gen),ASUS,256.0,16.0,DDR4,39.62,0.0,1024.0
769,4.7,65990.0,AMD Ryzen 7 Hexa Core Processor,LENOVO,512.0,16.0,DDR4,39.62,0.0,0.0
770,4.1,69057.0,Intel Core i5 Processor (11th Gen),HP,512.0,8.0,DDR4,39.62,0.0,0.0
771,0.0,35961.0,Intel Pentium Quad Core Processor,ACER,256.0,4.0,DDR4,35.56,0.0,0.0
772,0.0,129990.0,Intel Core i7 Processor (12th Gen),ACER,1024.0,16.0,LPDDR5,35.56,0.0,0.0
773,0.0,109990.0,Intel Core i5 Processor (10th Gen),ASUS,512.0,8.0,LPDDR3,35.56,0.0,0.0
774,5.0,114990.0,AMD Ryzen 7 Octa Core Processor,ASUS,1024.0,16.0,LPDDR5,34.04,0.0,0.0
775,3.7,89990.0,Intel Core i5 Processor (12th Gen),ASUS,512.0,16.0,LPDDR5,35.56,0.0,0.0
776,4.1,40890.0,Intel Core i3 Processor (10th Gen),DELL,0.0,8.0,DDR4,39.62,0.0,1024.0
777,0.0,93990.0,Intel Core i7 Processor (8th Gen),ASUS,256.0,8.0,DDR4,35.56,0.0,1024.0
778,0.0,211990.0,AMD Ryzen 9 Octa Core Processor,ASUS,1024.0,16.0,DDR5,40.64,0.0,0.0
779,3.9,26990.0,Intel Celeron Dual Core Processor,HP,256.0,8.0,DDR4,35.56,0.0,0.0
780,4.0,119990.0,Intel Core i7 Processor (7th Gen),ACER,256.0,8.0,DDR3,35.56,0.0,0.0
781,3.7,62999.0,Intel Core i5 Processor (12th Gen),ACER,512.0,8.0,DDR4,39.62,0.0,0.0
782,4.5,59990.0,Intel Core i5 Processor (12th Gen),SAMSUNG,512.0,8.0,DDR4,39.62,0.0,0.0
783,0.0,85990.0,Intel Core i5 Processor (11th Gen),ASUS,512.0,16.0,DDR4,39.62,0.0,0.0
784,0.0,89990.0,Intel Core i5 Processor (12th Gen),LG,512.0,8.0,DDR5,35.56,0.0,0.0
785,4.3,80490.0,Intel Core i5 Processor (10th Gen),ASUS,0.0,8.0,DDR4,35.56,0.0,1024.0
786,0.0,77241.0,Intel Core i5 Processor (12th Gen),ASUS,8.0,8.0,DDR4,39.62,0.0,0.0
787,4.3,99990.0,Intel Core i7 Processor (8th Gen),ASUS,512.0,16.0,DDR3,33.78,0.0,0.0
788,4.2,68990.0,Intel Core i5 Processor (10th Gen),DELL,512.0,8.0,DDR4,39.62,0.0,0.0
789,0.0,101299.0,Intel Core i5 Processor (12th Gen),LG,512.0,8.0,DDR5,43.18,0.0,0.0
790,0.0,66990.0,AMD Ryzen 5 Hexa Core Processor,DELL,512.0,16.0,DDR4,40.64,0.0,0.0
791,4.2,64990.0,Intel Core i5 Processor (11th Gen),LENOVO,512.0,16.0,DDR4,35.56,0.0,0.0
792,0.0,151990.0,Intel Core i7 Processor (10th Gen),MSI,256.0,16.0,DDR4,39.62,0.0,1024.0
793,4.7,90488.0,Intel Core i5 Processor (11th Gen),ASUS,512.0,16.0,DDR4,39.62,0.0,0.0
794,4.2,66990.0,Intel Core i5 Processor (8th Gen),ASUS,512.0,8.0,LPDDR3,33.78,0.0,0.0
795,4.2,44990.0,Intel Core i3 Processor (11th Gen),MI,512.0,8.0,DDR4,39.62,0.0,0.0
796,4.3,65200.0,Intel Core i5 Processor (12th Gen),ACER,512.0,16.0,DDR4,39.62,0.0,0.0
797,4.3,38888.0,Intel Core i3 Processor (11th Gen),LENOVO,256.0,8.0,DDR4,39.62,0.0,1024.0
798,3.3,45980.0,Intel Core i5 Processor (11th Gen),ASUS,512.0,8.0,DDR4,39.62,0.0,0.0
799,0.0,154490.0,Intel Core i7 Processor (10th Gen),ASUS,1024.0,16.0,LPDDR3,35.56,0.0,0.0
800,4.4,67990.0,Intel Core i7 Processor (8th Gen),ASUS,256.0,8.0,DDR4,35.56,0.0,1024.0
801,3.9,48990.0,AMD Ryzen 5 Quad Core Processor,DELL,512.0,8.0,DDR4,39.62,0.0,0.0
802,0.0,86000.0,AMD Ryzen 5 Hexa Core Processor,HP,512.0,8.0,DDR4,39.62,0.0,0.0
803,3.8,47490.0,Intel Core i5 Processor (4th Gen),LENOVO,0.0,8.0,DDR3,39.62,0.0,1024.0
804,4.1,74990.0,Intel Core i5 Processor (12th Gen),SAMSUNG,512.0,8.0,LPDDR4X,39.62,0.0,0.0
805,3.4,103990.0,Intel Core i7 Processor (11th Gen),LENOVO,1024.0,16.0,LPDDR4X,33.78,0.0,0.0
806,4.2,57990.0,Intel Core i5 Processor (9th Gen),MSI,0.0,8.0,GDDR6,39.62,0.0,1024.0
807,0.0,136990.0,Intel Core i7 Processor (10th Gen),LENOVO,512.0,16.0,DDR4,33.78,0.0,0.0
808,4.3,65990.0,Intel Core i7 Processor (10th Gen),ASUS,512.0,8.0,DDR4,39.62,0.0,0.0
809,0.0,69290.0,Intel Core i5 Processor (10th Gen),ASUS,0.0,8.0,DDR4,35.56,0.0,1024.0
810,3.3,64821.0,Intel Core i5 Processor (8th Gen),LENOVO,0.0,8.0,DDR4,39.62,0.0,2048.0
811,0.0,63331.0,AMD Ryzen 5 Hexa Core Processor,DELL,512.0,8.0,DDR4,40.64,0.0,0.0
812,4.0,54990.0,Intel Core i5 Processor (7th Gen),HP,0.0,4.0,DDR3,39.62,0.0,1024.0
813,4.8,149980.0,Intel Core i7 Processor (12th Gen),ASUS,1024.0,16.0,DDR5,39.62,0.0,0.0
